total_count,300,,,,,,,,,,,,,,,,,,,,,,,,,,,,,,,,,,,,,,,,,,,,,,,,,,,,,,,,,,,,,,,,,,,,,,,,,
repository,Fake Repository,,,,,,,,,,,,,,,,,,,,,,,,,,,,,,,,,,,,,,,,,,,,,,,,,,,,,,,,,,,,,,,,,,,,,,,,,
,,,,,,,,,,,,,,,,,,,,,,,,,,,,,,,,,,,,,,,,,,,,,,,,,,,,,,,,,,,,,,,,,,,,,,,,,,
linked_records_record_id,linked_records_record_title,linked_records_identifier,id,accession_report,appraisal,container_list,catalog_record,control_file,deed_of_gift,finding_aid_ead,finding_aid_online,finding_aid_paper,finding_aid_word,finding_aid_spreadsheet,related_eac_records,surveyed_by,survey_begin,survey_end,surveyed_duration,surveyed_extent,review_required,reviewer,inactive,sensitive_material,purpose,scope,general_assessment_note,exhibition_value_note,existing_description_notes,review_note,monetary_value,monetary_value_note,special_format_note,conservation_note,architectural_materials,art_originals,artifacts,audio_materials,biological_specimens,botanical_specimens,computer_storage_units,film_negative_slide_or_motion_picture,glass,photographs,scrapbooks,technical_drawings_schematics,textiles,vellum_parchment,video_materials,potential_mold_or_mold_damage,recent_pest_damage,deteriorating_film_base,brittle_paper,metal_fasteners,newspaper,tape,heat_sensitive_paper,water_damage,reformatting_readiness_rating,reformatting_readiness_note,housing_quality_rating,housing_quality_note,physical_condition_rating,physical_condition_note,physical_access_arrangement_rating,physical_access_arrangement_note,intellectual_access_description_rating,intellectual_access_description_note,interest_rating,interest_note,documentation_quality_rating,documentation_quality_note,research_value_rating,research_value_note
resource_0001,Fake Collection 1,REPO.1990.001,10,Yes,No,Yes,No,Yes,Yes,No,No,No,Yes,No,Yes, Archivist 1,4/3/20,4/3/20,1 hour,50,No,,No,No,Assessment Pilot,0.5,Could not find oversize folders,,,,,,,,,Yes,,,,,Yes,,,,,,,,,Yes,,,,Yes,,,,,,,3,,4,,5,,2,,3,,5,,8,
resource_0002,Fake Collection 2,REPO.1990.002,11,Yes,No,Yes,No,Yes,Yes,Yes,No,No,Yes,No,Yes, Archivist 1,4/3/20,4/3/20,1 hour,128,No,,No,No,Assessment Pilot,0.4,,,Thin control file,,,,,,,,,,Yes,,,,,,,,,,,,,,Yes,Yes,,,,,,,3,,3,,3,,3,,3,,5,,8,
resource_0003,Fake Collection 3,REPO.1990.003,12,Yes,No,Yes,No,Yes,Yes,Yes,No,No,Yes,No,Yes, Archivist 1,4/3/20,4/3/20,1 hour,148,No,,No,No,Assessment Pilot,0.6,,,,,,,,,,,,,,,,,,,,,,,,,,,,Yes,,Yes,,,,,1,,4,,2,,4,,4,,2,A lot of published material/reporoductions,6,
resource_0004,Fake Collection 4,REPO.1990.004,13,Yes,No,Yes,No,Yes,Yes,Yes,No,No,Yes,No,Yes, Archivist 1,4/4/20,4/4/20,1 hour,42,No,,No,No,Assessment Pilot,0.3,,,,,,,,,,,,,,,,,,,,,,,,,,,,Yes,,Yes,,,,,2,All original folders and boxes,3,,3,,5,,1,,3,,4,
resource_0005,Fake Collection 5,REPO.1990.005,14,Yes,No,Yes,No,Yes,Yes,Yes,No,No,Yes,No,Yes, Archivist 1,4/5/20,4/5/20,1 hour,197,No,,No,No,Assessment Pilot,0.6,,,,,,,,,,,,,,,,,,,,,,,,,,,,Yes,,Yes,,,,,1,,4,,3,,4,,2,,5,,7,
resource_0006,Fake Collection 6,REPO.1990.006,15,Yes,No,Yes,No,Yes,Yes,Yes,No,Yes,Yes,No,Yes, Archivist 1,4/6/20,4/6/20,1 hour,146,No,,No,No,Assessment Pilot,0.8,,,,,,,,,,,,Yes,,,,,,,,,,,,,,Yes,,,,Yes,,,,,1,,4,,3,,4,,4,,5,,9,
resource_0007,Fake Collection 7,REPO.1990.007,16,Yes,Yes,Yes,No,Yes,Yes,No,No,Yes,Yes,No,Yes, Archivist 1,4/7/20,4/7/20,1 hour,169,No,,No,No,Reformatting prep,0.3,,,,,,,,,,,,Yes,,,,Yes,Yes,,,,,,,,,,,,,Yes,,,,,3,,1,,5,,1,,1,,1,,2,
resource_0008,Fake Collection 8,REPO.1990.008,17,Yes,No,Yes,No,Yes,Yes,No,No,Yes,Yes,No,Yes, Archivist 1,4/8/20,4/8/20,1 hour,113,No,,No,No,Reformatting prep,0.5,,,,,,,,,,,,Yes,,,,,,,,,,,,,,Yes,,,,Yes,,,,,1,,5,,1,,3,,1,,5,,6,
resource_0009,Fake Collection 9,REPO.1990.009,18,Yes,No,Yes,No,Yes,Yes,Yes,No,Yes,Yes,No,Yes, Archivist 1,4/9/20,4/9/20,1 hour,252,No,,No,No,Reformatting prep,0.9,,,,,,,,,,,,Yes,,,Yes,,,,,,,,,,,Yes,,,,Yes,,,,,1,,4,,1,,4,,3,,1,,4,
resource_0010,Fake Collection 10,REPO.1990.010,19,Yes,No,Yes,No,Yes,Yes,Yes,No,Yes,Yes,No,No, Archivist 1,4/10/20,4/10/20,1 hour,68,No,,No,No,Reformatting prep,0.1,,,No deed of gift for newest accession,,,,"1"" video in bottom of box 3",Videos need attention,,,,Yes,,,,,,Yes,,,,,Yes,,,Yes,,,,Yes,,,,,3,,3,,4,,5,,5,,5,,10,
resource_0011,Fake Collection 11,REPO.1990.011,20,Yes,No,Yes,No,Yes,Yes,Yes,No,Yes,Yes,Yes,No, Archivist 1,4/11/20,4/11/20,1 hour,194,No,,No,No,Assessment Pilot,0.1,,,,,,,,,,,,,Yes,,,,,Yes,,,,,,,,,Yes,,Yes,Yes,,,,,1,,2,,1,,1,,4,,4,,8,
resource_0012,Fake Collection 12,REPO.1990.012,21,Yes,No,Yes,No,Yes,Yes,Yes,No,Yes,Yes,Yes,No, Archivist 1,4/12/20,4/12/20,1 hour,75,No,,No,No,Assessment Pilot,0.9,,,,,,,,,,Yes,,,,,,,,Yes,,,,,,Yes,,,,Yes,Yes,Yes,,,,,2,,4,,2,,2,,3,,2,,5,
resource_0013,Fake Collection 13,REPO.1990.013,22,Yes,No,Yes,No,Yes,Yes,Yes,No,Yes,Yes,Yes,No, Archivist 1,4/13/20,4/13/20,1 hour,132,No,,No,No,Assessment Pilot,0.8,,,,,,,,,,,,,Yes,,,,,Yes,,,,,,,,,Yes,Yes,Yes,Yes,,,,,3,,2,,2,,5,,5,,5,,10,
resource_0014,Fake Collection 14,REPO.1990.014,23,Yes,No,Yes,No,Yes,Yes,No,No,Yes,Yes,Yes,No, Archivist 1,4/14/20,4/14/20,2 hours,91,No,,No,No,Assessment Pilot,0.6,,,,,,,,,,,,,,,,,,Yes,,,,,,,,,,Yes,Yes,Yes,,,,,1,,2,,2,,2,,1,,1,,2,
resource_0015,Fake Collection 15,REPO.1990.015,24,Yes,No,Yes,No,Yes,Yes,No,No,Yes,Yes,Yes,No, Archivist 1,4/15/20,4/15/20,3 hours,232,No,,No,No,Assessment Pilot,0.3,,,,,,,,,,,,,,,,,,Yes,,,,,,,,,,Yes,Yes,Yes,,,,,3,,4,,5,,2,,2,,5,,7,
resource_0016,Fake Collection 16,REPO.1990.016,25,Yes,No,Yes,No,Yes,Yes,Yes,No,Yes,Yes,Yes,No, Archivist 1,4/16/20,4/16/20,30 minutes,184,No,,No,No,Assessment Pilot,0.8,,,,,,,,,,,,,,,,,,Yes,,,,,,,,,,Yes,Yes,,,,,,2,,5,,5,,4,,5,,4,,9,
resource_0017,Fake Collection 17,REPO.1990.017,26,Yes,No,Yes,No,Yes,Yes,Yes,No,Yes,Yes,Yes,No, Archivist 1,4/17/20,4/17/20,10 minutes,120,No,,No,No,Assessment Pilot,0.2,,,,,,,,,,,,Yes,,,,,,Yes,,,,,,,,Yes,,,Yes,,,,,,1,,4,,3,,2,,2,,1,,3,
resource_0018,Fake Collection 18,REPO.1990.018,27,Yes,No,Yes,No,Yes,Yes,Yes,No,Yes,Yes,Yes,No, Archivist 1,4/18/20,4/18/20,1 hour,96,No,,No,No,Assessment Pilot,0.7,,,,,,,,,,,,Yes,,,,Yes,Yes,Yes,,,,,,,,Yes,,,Yes,,,,,,1,,2,,1,,3,,4,,3,,7,
resource_0019,Fake Collection 19,REPO.1990.019,28,Yes,No,Yes,No,Yes,Yes,Yes,No,Yes,Yes,Yes,No, Archivist 1,4/19/20,4/19/20,1 hour,138,No,,No,No,Assessment Pilot,0.9,,,,,,,,,,,,Yes,,,,,,Yes,,,,,,,,Yes,,,Yes,,,,,,1,,4,,3,,5,,5,,3,,8,
resource_0020,Fake Collection 20,REPO.1990.020,29,Yes,No,Yes,No,Yes,Yes,Yes,No,Yes,Yes,Yes,No, Archivist 1,4/20/20,4/20/20,1 hour,229,No,,No,No,Assessment Pilot,0.2,,,Thin control file,,,,,,,,,Yes,,,,,,Yes,,,,,,,,Yes,,,Yes,,,,,,1,,5,,2,,3,,1,,5,,6,
resource_0021,Fake Collection 21,REPO.1990.021,30,Yes,No,Yes,No,Yes,Yes,No,No,No,Yes,Yes,No, Archivist 1,4/21/20,4/21/20,1 hour,268,No,,No,No,Assessment Pilot,0.3,,,,,,,,,,,,Yes,,,,,,Yes,,,,,Yes,,,Yes,,,Yes,,,,,,3,,3,,1,,2,,2,,1,,3,
resource_0022,Fake Collection 22,REPO.1990.022,31,Yes,No,Yes,No,Yes,Yes,No,No,No,Yes,Yes,No, Archivist 1,4/22/20,4/22/20,1 hour,34,No,,No,No,Assessment Pilot,0.8,,,,,,,,,,,,,Yes,,Yes,,,,,,,,,,,,Yes,,Yes,,,,,,1,Original folders and boxes. Some boxes falling apart,3,,5,,2,,3,,5,,8,
resource_0023,Fake Collection 23,REPO.1990.023,32,Yes,No,Yes,No,Yes,Yes,Yes,No,No,Yes,Yes,No, Archivist 1,4/23/20,4/23/20,1 hour,33,No,,No,No,Assessment Pilot,0.1,,,,,,,,,,Yes,,,,,,,,,,,,,,Yes,,,,Yes,Yes,,,,,,1,,3,,5,,2,,2,,2,,4,
resource_0024,Fake Collection 24,REPO.1990.024,33,Yes,No,Yes,No,Yes,Yes,Yes,No,No,Yes,Yes,No, Archivist 1,4/23/20,4/23/20,1 hour,193,No,,No,No,Assessment Pilot,0.3,,,,,,,,,,,,,Yes,,,,,,,,,,,,,,Yes,Yes,Yes,,,,,,2,,5,,2,,4,,5,,2,,7,
resource_0025,Fake Collection 25,REPO.1990.025,34,Yes,No,Yes,No,Yes,Yes,Yes,No,No,Yes,Yes,No, Archivist 1,4/23/20,4/23/20,1 hour,86,No,,No,No,Assessment Pilot,0.6,,,,,,,,,,,,,,,,,,,,,,,,,,,,Yes,,,,,,,1,,4,,3,,4,,1,,5,,6,
resource_0026,Fake Collection 26,REPO.1990.026,35,Yes,No,Yes,No,Yes,Yes,Yes,No,No,Yes,Yes,No, Archivist 1,4/23/20,4/23/20,1 hour,79,No,,No,No,Assessment Pilot,0.2,,,,,,,,,,,,,,,,,,,,,,,,,,,,Yes,,,,,,,2,,4,,3,,4,,5,,4,,9,
resource_0027,Fake Collection 27,REPO.1990.027,36,Yes,No,Yes,No,Yes,Yes,Yes,No,No,Yes,Yes,No, Archivist 1,4/24/20,4/24/20,1 hour,61,No,,No,No,Reformatting prep,0.3,,,,,,,,,,,,,,,,,,,,,,,,,,,,Yes,,,,,,,3,,3,,3,,3,,1,,2,,3,
resource_0028,Fake Collection 28,REPO.1990.028,37,No,No,Yes,No,Yes,Yes,No,No,No,Yes,Yes,No, Archivist 1,4/25/20,4/25/20,1 hour,189,No,,No,No,Reformatting prep,0.8,,,No deed of gift for newest accession,,,,,Photos are sticking together,,,,Yes,,,,,,,,,,,,,,,,,,,,,,,1,,5,,4,,4,,5,,4,,9,
resource_0029,Fake Collection 29,REPO.1990.029,38,Yes,No,Yes,No,Yes,Yes,No,No,No,Yes,Yes,No, Archivist 1,4/26/20,4/26/20,1 hour,137,No,,No,No,Reformatting prep,0.7,,,,,,,Many VHS without cases,,,,,Yes,,,,Yes,Yes,,,,,,,,,,,,,,,,,,2,,2,,3,,3,,1,,4,,5,
resource_0030,Fake Collection 30,REPO.1990.030,39,Yes,No,Yes,No,Yes,Yes,Yes,No,No,Yes,Yes,No, Archivist 1,4/27/20,4/27/20,1 hour,16,No,,No,No,Reformatting prep,1,,,,,,,,,,,,Yes,,,Yes,,,,,,,,,,,,,,,,,,,,3,,3,,5,,5,,5,,5,,10,
resource_0031,Fake Collection 31,REPO.1990.031,40,No,No,Yes,No,Yes,Yes,Yes,No,No,Yes,Yes,No, Archivist 1,4/28/20,4/28/20,2 hours,150,No,,No,No,assessment Pilot,0.6,,,,,,,,,,,,Yes,,,,,,,,,,,,,,,,,,,,,,,1,No lids on some boxes,5,,1,,1,,5,,3,,8,
resource_0032,Fake Collection 32,REPO.1990.032,41,Yes,No,Yes,No,Yes,Yes,No,No,No,Yes,No,No, Archivist 1,4/29/20,4/29/20,3 hours,181,No,,No,No,assessment Pilot,0.3,,,,,,,,Weird dust/mold thing on manuscripts,,,,Yes,,,,,,Yes,,,,,Yes,,,,,,,,,,,,2,"Many loose prints, no cases on videos",3,,4,,3,,5,,4,,9,
resource_0033,Fake Collection 33,REPO.1990.033,42,No,No,No,No,Yes,Yes,Yes,No,No,Yes,No,No, Archivist 1,4/30/20,4/30/20,30 minutes,253,No,,No,No,assessment Pilot,0.1,,,,,,,,,,,,,Yes,,,,,,,,,,,,,,Yes,,,,,,,,3,,5,,2,,1,,3,,5,,8,
resource_0034,Fake Collection 34,REPO.1990.034,43,Yes,No,No,No,Yes,Yes,Yes,No,No,Yes,No,No, Archivist 1,5/1/20,5/1/20,10 minutes,298,No,,No,No,assessment Pilot,1,,,,,,,,,,Yes,,,,,,,,,,,,,,Yes,,,,Yes,,,,,,,3,,1,,3,,5,,2,,4,,6,
resource_0035,Fake Collection 35,REPO.1991.001,44,Yes,No,No,No,Yes,Yes,Yes,No,No,Yes,No,No, Archivist 1,5/1/20,5/1/20,1 hour,25,No,,No,No,assessment Pilot,0.2,,,,,,,,,,,,,Yes,,,,,,,,,,,,,,Yes,Yes,,,,,,,1,,4,,5,,3,,5,,1,A lot of published material/reporoductions,6,
resource_0036,Fake Collection 36,REPO.1991.002,45,No,No,Yes,No,Yes,Yes,Yes,No,No,Yes,No,No, Archivist 1,5/1/20,5/1/20,1 hour,188,No,,No,No,assessment Pilot,0.8,,,,,,,,,,,,,,,,,,,,,,,,,,,,Yes,,,,,,,2,,3,,5,,4,,4,,3,,7,
resource_0037,Fake Collection 37,REPO.1991.003,46,Yes,No,No,No,Yes,Yes,No,No,No,Yes,No,No, Archivist 1,5/1/20,5/1/20,1 hour,167,No,,No,No,assessment Pilot,0.1,,,,,,,,,,,,,,,,,,,,,,,,,,,,Yes,,,,,,,3,,1,,4,,4,,4,,5,,9,
resource_0038,Fake Collection 38,REPO.1991.004,47,No,No,No,No,Yes,Yes,Yes,No,No,Yes,No,No, Archivist 1,5/1/20,5/1/20,1 hour,20,No,,No,No,assessment Pilot,0.3,,,,,,,,,,,,,,,,,,,,,,,,,,,,Yes,,,,,,,2,,3,,3,,5,,2,,1,A lot of published material/reporoductions,3,
resource_0039,Fake Collection 39,REPO.1991.005,48,Yes,No,No,No,Yes,Yes,Yes,No,No,Yes,No,No, Archivist 1,5/1/20,5/1/20,1 hour,58,No,,No,No,assessment Pilot,0.8,,,,,,,,,,,,Yes,,,,,,,,,,,,,,,,,,,,,,,2,,2,,1,,2,,5,,5,,10,
resource_0040,Fake Collection 40,REPO.1991.006,49,Yes,No,Yes,No,Yes,Yes,No,No,No,Yes,No,No, Archivist 1,5/1/20,5/1/20,1 hour,131,No,,No,No,assessment Pilot,0.8,,,,,,,,,,,,Yes,,,,Yes,Yes,,,,,,,,,,,,,,,,,,3,,4,,3,,5,,1,,1,A lot of published material/reporoductions,2,
resource_0041,Fake Collection 41,REPO.1991.007,50,No,No,No,No,Yes,Yes,Yes,No,No,Yes,No,No, Archivist 1,5/1/20,5/1/20,1 hour,90,No,,No,No,assessment Pilot,0.5,,,,,,,,,,,,Yes,,,,,,,,,,,,,,,,,,,,,,,3,,4,,1,,3,,3,,5,,8,
resource_0042,Fake Collection 42,REPO.1991.008,51,Yes,No,No,No,Yes,Yes,Yes,No,No,Yes,No,No, Archivist 1,5/1/20,5/1/20,1 hour,159,No,,No,No,assessment Pilot,0.9,,,,,,,,,,,,Yes,,,,,,,,,,,,,,,,,,,,,,,3,,1,,4,,1,,2,,2,,4,
resource_0043,Fake Collection 43,REPO.1991.009,52,No,No,No,No,Yes,Yes,Yes,No,No,Yes,No,No, Archivist 1,5/1/20,5/1/20,1 hour,168,No,,No,No,assessment Pilot,0.7,,,,,,,,,,,Yes,Yes,,,,,,Yes,,,,,Yes,,,,,,,,,,,,3,,2,,1,,2,,3,,2,,5,
resource_0044,Fake Collection 44,REPO.1991.010,53,Yes,No,Yes,No,Yes,Yes,Yes,No,No,Yes,No,No, Archivist 1,5/2/20,5/2/20,1 hour,282,No,,No,No,assessment Pilot,0.3,,,,,,,,,,,,,Yes,,,,,,,,,,,,,,Yes,,,,,,,,1,,1,,3,,3,,4,,3,,7,
resource_0045,Fake Collection 45,REPO.1991.011,54,Yes,No,No,No,Yes,Yes,No,No,No,Yes,No,No, Archivist 1,5/3/20,5/3/20,1 hour,224,No,,No,No,assessment Pilot,0.2,,,,,,,,,,Yes,,,,,,,,,,,,,,Yes,,,,,,,,,,,2,Original folders and boxes. Some boxes falling apart,4,,3,,2,,3,,5,,8,
resource_0046,Fake Collection 46,REPO.1991.012,55,No,No,No,No,Yes,Yes,Yes,No,No,Yes,No,No, Archivist 1,5/4/20,5/4/20,1 hour,192,No,,No,No,assessment Pilot,0.6,,,,,,,,Has been treated with insecticide,,,,,Yes,,,,,,,,,,,,,,Yes,,,,,,,,1,,1,,2,,4,,5,,4,,9,
resource_0047,Fake Collection 47,REPO.1991.013,56,Yes,No,No,No,Yes,Yes,Yes,No,No,Yes,No,No, Archivist 1,5/5/20,5/5/20,1 hour,54,No,,No,No,assessment Pilot,0.5,,,,,,,,,,,,,,,,,,,,,,,,,,,,,,,,,,,1,,5,,1,,5,,1,,4,,5,
resource_0048,Fake Collection 48,REPO.1991.014,57,Yes,No,Yes,No,Yes,Yes,No,No,No,Yes,No,No, Archivist 1,5/6/20,5/6/20,2 hours,172,No,,No,No,assessment Pilot,0.6,,,,,,,,,,,,,,,,,,,,,,,,,,,,,,,,,,,2,,3,,3,,5,,2,,4,,6,
resource_0049,Fake Collection 49,REPO.1991.015,58,No,No,No,No,Yes,Yes,Yes,No,No,Yes,No,No, Archivist 1,5/7/20,5/7/20,3 hours,12,No,,No,No,assessment Pilot,0.9,,,,,,,,,,,,,,,,,,,,,,,,,,,,,,,,,,,1,,4,,3,,5,,5,,5,,10,
resource_0050,Fake Collection 50,REPO.1991.016,59,Yes,No,No,No,Yes,Yes,Yes,No,No,Yes,No,No, Archivist 1,5/7/20,5/7/20,30 minutes,150,No,,No,No,assessment Pilot,0.6,,,,,,,,,,,,Yes,,,,,,,,,,,,,,,,,,,,,,,3,,1,,3,,4,,3,,1,,4,
resource_0051,Fake Collection 51,REPO.1991.017,60,No,No,No,No,Yes,Yes,Yes,No,No,Yes,No,No, Archivist 1,5/7/20,5/7/20,10 minutes,290,No,,No,No,assessment Pilot,0.2,,,,,,,,,,,,Yes,,,,Yes,Yes,,,,,,,,,,,,,,,,,,3,,2,,2,,5,,3,,3,,6,
resource_0052,Fake Collection 52,REPO.1991.018,61,Yes,No,Yes,No,Yes,Yes,Yes,No,No,Yes,No,No, Archivist 1,5/7/20,5/7/20,1 hour,176,No,,No,No,assessment Pilot,0.9,,,,,,,,,,,,Yes,,,Yes,,,,,,,,,,,,,,,,,,,,1,,4,,5,,5,,4,,3,,7,
resource_0053,Fake Collection 53,REPO.1991.019,62,No,No,No,No,Yes,Yes,No,No,No,Yes,No,No, Archivist 1,5/7/20,5/7/20,1 hour,119,No,,No,No,assessment Pilot,0.9,,,,,,,,,,,,Yes,,,,,,,,,,,,,,,,,,,,,,,3,,5,,3,,2,,5,,5,,10,
resource_0054,Fake Collection 54,REPO.1991.020,63,Yes,No,No,No,Yes,Yes,Yes,No,No,No,No,No, Archivist 1,5/7/20,5/7/20,1 hour,199,No,,No,No,assessment Pilot,0.4,,,,,,,,,,,,Yes,,,,,,Yes,,,,,Yes,,,,,,,,,,,,2,,3,,3,,1,,4,,1,,5,
resource_0055,Fake Collection 55,REPO.1991.021,64,No,No,No,No,Yes,Yes,Yes,No,No,No,No,No, Archivist 1,5/7/20,5/7/20,1 hour,60,No,,No,No,assessment Pilot,0.7,,,,,,,,,,,,,Yes,,,,,,,,,,,,,,Yes,,,,,,,,2,,5,,2,,3,,2,,3,,5,
resource_0056,Fake Collection 56,REPO.1991.022,65,Yes,No,Yes,No,Yes,Yes,No,No,No,No,No,No, Archivist 1,5/7/20,5/7/20,1 hour,231,No,,No,No,assessment Pilot,0.5,,,,,,,,,,Yes,,,,,,,,,,,,,,Yes,,,,,,,,,,,3,,4,,5,,4,,2,,1,,3,
resource_0057,Fake Collection 57,REPO.1991.023,66,No,No,No,No,Yes,Yes,Yes,No,No,No,No,No, Archivist 1,5/7/20,5/7/20,1 hour,161,No,,No,No,assessment Pilot,1,,,,,,,,,,,,,Yes,,,,,,,,,,,,,,Yes,,,,,,,,3,,4,,1,,1,,4,,2,,6,
resource_0058,Fake Collection 58,REPO.1991.024,67,Yes,No,No,No,Yes,Yes,Yes,No,No,No,No,No, Archivist 1,5/7/20,5/7/20,1 hour,76,No,,No,No,assessment Pilot,0.9,,,,,,,,,,,,,,,,,,,,,,,,,,,,,,,,,,,3,,2,,3,,2,,2,,5,,7,
resource_0059,Fake Collection 59,REPO.1991.025,68,No,No,No,No,Yes,Yes,Yes,No,No,No,No,No, Archivist 1,5/7/20,5/7/20,1 hour,113,No,,No,No,assessment Pilot,0.9,,,,,,,,,,,,,,,,,,,,,,,,,,,,,,,,,,,2,,5,,2,,3,,2,,5,,7,
resource_0060,Fake Collection 60,REPO.1991.026,69,Yes,No,Yes,No,Yes,Yes,Yes,No,No,No,No,No, Archivist 1,5/7/20,5/7/20,1 hour,173,No,,No,No,assessment Pilot,0.5,,,,,,,,"Albums falling apart, need attention",,,,,,,Yes,,,,,,,,,,,,,,,,,,,,2,,3,,3,,3,,1,,1,,2,
resource_0061,Fake Collection 61,REPO.1991.027,70,No,No,No,No,Yes,Yes,No,No,No,No,No,No, Archivist 1,5/7/20,5/7/20,1 hour,109,No,,No,No,assessment Pilot,0.4,,,,,,,,,,,,Yes,,,,,,,,,,,,,,,,,,,,,,,1,,2,,2,,4,,2,,1,,3,
resource_0062,Fake Collection 62,REPO.1991.028,71,Yes,No,No,No,Yes,Yes,Yes,No,No,No,No,No, Archivist 1,5/7/20,5/7/20,1 hour,289,No,,No,No,assessment pilot,0.9,,,,,,,,,,,,Yes,,,,Yes,Yes,,,,,,,,,,,,,,,,,,3,,3,,4,,5,,5,,2,,7,
resource_0063,Fake Collection 63,REPO.1991.029,72,No,No,No,No,Yes,Yes,Yes,No,No,No,No,No, Archivist 1,5/7/20,5/7/20,1 hour,38,No,,No,No,assessment Pilot,0.6,,,,,,,,,,,,Yes,,,,,,,,,,,,,,,,,,,,,,,1,,4,,2,,5,,3,,2,,5,
resource_0064,Fake Collection 64,REPO.1991.030,73,Yes,No,Yes,No,Yes,Yes,No,No,No,No,No,No, Archivist 1,5/8/20,5/8/20,1 hour,177,No,,No,No,assessment Pilot,0.8,,,,,,,,,,,,Yes,,,,,,,,,,,,,,,,,,,,,,,1,,5,,5,,2,,2,,1,,3,
resource_0065,Fake Collection 65,REPO.1991.031,74,Yes,No,No,No,Yes,Yes,Yes,No,No,No,No,No, Archivist 1,5/9/20,5/9/20,2 hours,238,No,,No,No,assessment pilot,0.4,,,,,,,,,,,,Yes,,,,,,Yes,,,,,Yes,,,,,,,,,,,,2,,4,,5,,2,,1,,2,,3,
resource_0066,Fake Collection 66,REPO.1991.032,75,Yes,No,No,No,Yes,Yes,Yes,No,No,No,No,No, Archivist 1,5/10/20,5/10/20,3 hours,625,No,,No,No,assessment Pilot,0.2,,,,,,,,,,,,,Yes,,,,,,,,,,,,,,Yes,,,,,,,,1,,3,,3,,5,,5,,1,,6,
resource_0067,Fake Collection 67,REPO.1991.033,76,Yes,No,No,No,Yes,Yes,Yes,No,No,No,No,No, Archivist 1,5/11/20,5/11/20,30 minutes,96,No,,No,No,assessment Pilot,0.4,,,,,,,,,,Yes,,,,,Yes,,,,Yes,,,,,Yes,,,,,,,,,,,1,,1,,5,,4,,1,,2,A lot of published material/reporoductions,3,
resource_0068,Fake Collection 68,REPO.1991.034,77,Yes,No,Yes,No,Yes,Yes,Yes,No,No,No,No,No, Archivist 1,5/12/20,5/12/20,10 minutes,296,No,,No,No,assessment pilot,0.3,,,,,,,,,,,,,Yes,,,,,,,,,,,,,,Yes,,,,,,,,2,,2,,4,,3,,2,,5,,7,
resource_0069,Fake Collection 69,REPO.1991.035,78,Yes,No,No,No,Yes,Yes,No,No,No,No,No,No, Archivist 1,5/13/20,5/13/20,1 hour,294,No,,No,No,assessment Pilot,0.4,,,,,,,,,,,,,,,,,,,,Yes,,,,,,,,,,,,,,,1,Original folders and boxes. Some boxes falling apart,3,,3,,3,,1,,4,,5,
resource_0070,Fake Collection 70,REPO.1991.036,79,No,No,No,No,Yes,Yes,Yes,No,No,No,No,No, Archivist 1,5/14/20,5/14/20,1 hour,201,No,,No,No,assessment Pilot,0.3,,,,,,,,,,,,,,,,,,,,,,,,,,,,,,,,,,,1,,5,,4,,5,,2,,5,,7,
resource_0071,Fake Collection 71,REPO.1991.037,80,No,No,No,No,Yes,Yes,Yes,No,No,No,No,No, Archivist 1,5/15/20,5/15/20,1 hour,296,No,,No,No,assessment pilot,0.5,Did not examine botanicals,,,,,,Plants/botanical items not found,,,,,,,Yes,,,,,,,,,,,,,,,,,,,,,1,,5,,2,,2,,3,,3,,6,
resource_0072,Fake Collection 72,REPO.1991.038,81,No,No,Yes,No,Yes,Yes,Yes,No,No,No,No,No, Archivist 1,5/16/20,5/16/20,1 hour,59,No,,No,No,assessment Pilot,0.2,,,,,,,,,,,,Yes,,,,,,,,,,,,,,Yes,,,,,,,,,2,,3,,5,,1,,3,,2,,5,
resource_0073,Fake Collection 73,REPO.1991.039,82,Yes,No,No,No,Yes,Yes,Yes,No,No,No,No,No, Archivist 1,5/17/20,5/17/20,1 hour,191,No,,No,No,assessment Pilot,0.4,,,,,,,,,,,,Yes,,,,Yes,Yes,,,,,,,,,Yes,,,,,,,,,3,,5,,4,,5,,1,,3,,4,
resource_0074,Fake Collection 74,REPO.1991.040,83,Yes,No,No,No,Yes,Yes,Yes,No,No,No,No,No, Archivist 1,5/18/20,5/18/20,1 hour,82,No,,No,No,assessment pilot,0.4,,,,,,,,,,,,Yes,,,,,,,,,,,,,,Yes,,,,,,,,,2,,2,,4,,5,,1,,2,,3,
resource_0075,Fake Collection 75,REPO.1991.041,84,Yes,No,No,No,Yes,Yes,Yes,No,No,No,No,No, Archivist 1,5/19/20,5/19/20,1 hour,85,No,,No,No,assessment Pilot,0.5,Could not find oversize folders,,,,,,,,,,,Yes,,,Yes,,,,,,,,,,,Yes,,,,,,,,,2,,5,,5,,2,,3,,2,,5,
resource_0076,Fake Collection 76,REPO.1991.042,85,No,No,Yes,No,Yes,Yes,No,No,No,No,No,No, Archivist 1,5/20/20,5/20/20,1 hour,142,No,,No,No,assessment Pilot,0.6,Could not find oversize folders,,,,,,,,,,,Yes,,,Yes,,,Yes,,,,,Yes,,,Yes,,,,,,,,,1,Unhoused Umatic,3,,2,,2,,3,,4,,7,
resource_0077,Fake Collection 77,REPO.1991.043,86,Yes,No,No,No,Yes,Yes,Yes,No,No,No,No,No, Archivist 1,5/21/20,5/21/20,1 hour,144,No,,No,No,assessment   pilot,0.9,,,,,,,,,,,,,Yes,,,,,,,,,,,,,,Yes,,,,,,,,2,,3,,5,,2,,3,,4,,7,
resource_0078,Fake Collection 78,REPO.1991.044,87,Yes,No,No,No,Yes,Yes,Yes,No,No,No,No,No, Archivist 1,5/22/20,5/22/20,1 hour,201,No,,No,No,Reformatting prep,0.6,,,,,,,,,,Yes,,,,,,,,,Yes,,,,,Yes,,,,,,,,,,,1,,4,,4,,4,,5,,3,,8,
resource_0079,Fake Collection 79,REPO.1991.045,88,Yes,No,No,No,Yes,Yes,Yes,No,No,No,No,No, Archivist 1,5/23/20,5/23/20,1 hour,120,No,,No,No,Reformatting prep,0.9,,,,,,,,,,,,,Yes,,,,,,,,,,,,,,Yes,,,,,,,,1,,2,,2,,3,,4,,3,,7,
resource_0080,Fake Collection 80,REPO.1991.046,89,No,No,Yes,No,Yes,Yes,Yes,No,No,No,No,No, Archivist 1,5/23/20,5/23/20,1 hour,86,No,,No,No,Reformatting prep,0.1,,,,,,,,,,,,,,,,,,,,Yes,,,,,,,,,,,,,,,3,,5,,3,,3,,5,,2,,7,
resource_0081,Fake Collection 81,REPO.1991.047,90,Yes,No,No,No,Yes,Yes,Yes,No,No,No,No,No, Archivist 1,5/23/20,5/23/20,1 hour,185,No,,No,No,Reformatting prep,0.2,,,,,,,,,,,,,,,,,,,,,,,,,,,,,,,,,,,3,,3,,2,,1,,3,,4,,7,
resource_0082,Fake Collection 82,REPO.1991.048,91,Yes,No,No,No,Yes,Yes,Yes,No,No,No,No,No, Archivist 1,5/23/20,5/23/20,2 hours,142,No,,No,No,Reformatting prep,0.4,,,,,,,,,,,,,,,,,,,,,,,,,,,,,,,,,,,3,,4,,1,,3,,1,,1,,2,
resource_0083,Fake Collection 83,REPO.1991.049,92,Yes,No,No,No,Yes,Yes,No,No,No,No,No,No, Archivist 1,5/23/20,5/23/20,3 hours,81,No,,No,No,Reformatting prep,1,,,,,,,,,,,,Yes,,,,,,,,,,,,,,,,,,,,,,,1,,1,,3,,5,,5,,1,,6,
resource_0084,Fake Collection 84,REPO.1991.050,93,No,No,Yes,No,Yes,Yes,Yes,No,No,No,No,No, Archivist 1,5/23/20,5/23/20,30 minutes,140,No,,No,No,Reformatting prep,0.3,,,,,,,,,,,,Yes,,,Yes,Yes,Yes,,,,,,,,,,,,,,,,,,3,,4,,5,,4,,4,,5,,9,
resource_0085,Fake Collection 85,REPO.1991.051,94,Yes,No,No,No,Yes,Yes,Yes,No,No,No,No,No, Archivist 1,5/23/20,5/23/20,10 minutes,87,No,,No,No,Reformatting prep,0.7,,,,,,,,,,,,Yes,,,,,,,,,,,,,,,,,,,,,,,1,,1,,5,,3,,4,,4,,8,
resource_0086,Fake Collection 86,REPO.1991.052,95,Yes,No,No,No,Yes,Yes,Yes,No,No,No,No,No, Archivist 1,5/24/20,5/24/20,1 hour,268,No,,No,No,Reformatting prep,0.1,,,,,,,,,,,,Yes,,,,,,,,,,,,,,,,,,,,,,,2,,2,,1,,5,,1,,4,,5,
resource_0087,Fake Collection 87,REPO.1991.053,96,Yes,No,No,No,Yes,Yes,Yes,No,No,No,No,No, Archivist 1,5/25/20,5/25/20,1 hour,30,No,,No,No,Reformatting prep,1,,,,,,,,,,,,Yes,,,,,,Yes,,,,,Yes,,,,,,,,,,,,1,,5,,4,,3,,2,,5,,7,
resource_0088,Fake Collection 88,REPO.1991.054,97,No,No,Yes,No,Yes,Yes,Yes,No,No,No,No,No, Archivist 1,5/26/20,5/26/20,1 hour,28,No,,No,No,Reformatting prep,0.5,,,,,,,,,,,,,Yes,,,,,,,,,,,,,,Yes,,,,,,,,3,,4,,2,,2,,3,,2,,5,
resource_0089,Fake Person Papers 1,REPO.1991.055,98,Yes,No,No,No,Yes,Yes,Yes,No,No,No,No,No, Archivist 1,5/27/20,5/27/20,1 hour,79,No,,No,No,Reformatting prep,0.3,,,,,,,,,,Yes,,,,,,,,,Yes,,,,,Yes,,,,,,,,,,,2,,2,,5,,2,,2,,1,,3,
resource_0090,Fake Person Papers 2,REPO.1991.056,99,Yes,No,No,No,Yes,Yes,No,No,No,No,No,No, Archivist 1,5/28/20,5/28/20,1 hour,86,No,,No,No,Reformatting prep,0.5,,,,,,,,,,,,,Yes,,,,,,,,,,,,,,Yes,,,,,,,,3,,5,,4,,3,,1,,3,,4,
resource_0091,Fake Person Papers 3,REPO.1991.057,100,Yes,No,No,No,Yes,Yes,Yes,No,No,No,No,No, Archivist 1,5/29/20,5/29/20,1 hour,151,No,,No,No,Reformatting prep,0.4,,,,,,,,,,,,,,,,,,,,Yes,,,,,,,,,,,,,,,2,,5,,5,,4,,1,,2,,3,
resource_0092,Fake Person Papers 4,REPO.1991.058,101,No,No,Yes,No,Yes,Yes,Yes,No,No,No,No,No, Archivist 1,5/30/20,5/30/20,1 hour,233,No,,No,No,Reformatting prep,1,,,,,,,,,,,,,,,Yes,,,,,,,,,,,,,,,,,,,,3,,2,,1,,4,,3,,4,,7,
resource_0093,Fake Person Papers 5,REPO.1991.059,102,Yes,No,No,No,Yes,Yes,Yes,No,No,No,No,No, Archivist 1,5/31/20,5/31/20,1 hour,147,No,,No,No,Reformatting prep,0.8,,,,,,,,,,,,,,,Yes,,,,,,,,,,,,,,,,,,,,1,,2,,1,,5,,3,,2,,5,
resource_0094,Fake Person Papers 6,REPO.1991.060,103,Yes,No,No,No,Yes,Yes,Yes,No,No,No,No,No, Archivist 1,6/1/20,6/1/20,1 hour,282,No,,No,No,Reformatting prep,0.5,,,,,,,,,,,,Yes,,,Yes,,,,,,,,,,,,,,,,,,,,1,,2,,5,,4,,5,,2,,7,
resource_0095,Fake Person Papers 7,REPO.1991.061,104,Yes,No,No,No,Yes,Yes,Yes,No,No,No,No,No, Archivist 1,6/2/20,6/2/20,1 hour,294,No,,No,No,Reformatting prep,0.4,,,,,,,,,,,,Yes,,,Yes,Yes,Yes,,,,,,,,,,,,,,,,,,1,,4,,3,,4,,1,,2,,3,
resource_0096,Fake Person Papers 8,REPO.1991.062,105,No,No,Yes,No,Yes,Yes,Yes,No,No,No,No,No, Archivist 1,6/3/20,6/3/20,1 hour,284,No,,No,No,Reformatting prep,1,,,,,,,,,,,,Yes,,,Yes,,,,,,,,,,,,,,,,,,,,1,,5,,1,,1,,5,,4,,9,
resource_0097,Fake Person Papers 9,REPO.1991.063,106,Yes,No,No,No,Yes,Yes,No,No,No,No,No,No, Archivist 1,6/4/20,6/4/20,1 hour,232,No,,No,No,Reformatting prep,0.1,,,,,,,,,,,,Yes,,,Yes,,,,,,,,,,,,,,,,,,,,1,,1,,2,,3,,5,,3,,8,
resource_0098,Fake Person Papers 10,REPO.1991.064,107,Yes,No,No,No,Yes,Yes,Yes,No,No,No,No,No, Archivist 1,6/5/20,6/5/20,1 hour,205,No,,No,No,Reformatting prep,0.8,,,,,,,,,,,Yes,Yes,,,Yes,,,Yes,,,,,Yes,,,,,,,,,,,,3,,3,,2,,2,,3,,5,,8,
resource_0099,Fake Person Papers 11,REPO.1991.065,108,Yes,No,No,No,Yes,Yes,Yes,No,No,No,No,No, Archivist 1,6/6/20,6/6/20,2 hours,123,No,,No,No,Reformatting prep,0.6,,,,,,,,,,,,,Yes,,Yes,,,,,,,,,,,,Yes,,,,,,,,3,,3,,4,,5,,1,,3,,4,
resource_0100,Fake Person Papers 12,REPO.1991.066,109,No,No,Yes,No,Yes,Yes,Yes,No,No,No,No,No, Archivist 1,6/7/20,6/7/20,3 hours,149,No,,No,No,Reformatting prep,1,,,,,,,,,,Yes,,,,,Yes,,,,,,,,,Yes,,,,,,,,,,,2,,1,,1,,4,,5,,2,,7,
resource_0101,Fake Person Papers 13,REPO.1991.067,110,No,No,No,No,No,Yes,Yes,No,No,No,No,No, Archivist 1,6/7/20,6/7/20,30 minutes,116,No,,No,No,Reformatting prep,0.1,,,,,,,,,,,,,Yes,,Yes,,,,,,,,,,,,Yes,,,,,,,,1,,3,,3,,3,,5,,5,,10,
resource_0102,Fake Person Papers 14,REPO.1991.068,111,No,No,No,No,Yes,Yes,Yes,No,No,No,No,No, Archivist 1,6/7/20,6/7/20,10 minutes,71,No,,No,No,Reformatting prep,0.6,,,,,,,,,,,,,,,Yes,,,,,,,,,,,,,,,,,,,,1,,2,,2,,1,,4,,3,,7,
resource_0103,Fake Person Papers 15,REPO.1991.069,112,No,No,No,No,Yes,Yes,Yes,No,No,No,No,No, Archivist 1,6/7/20,6/7/20,1 hour,54,No,,No,No,Reformatting prep,0.9,,,,,,,,,,,,,,,Yes,,,,,,,,,,,,,,,,,,,,5,,5,,4,,2,,4,,1,,5,
resource_0104,Fake Person Papers 16,REPO.1991.070,113,No,No,Yes,No,Yes,Yes,No,No,No,No,No,No, Archivist 1,6/7/20,6/7/20,.75 hour,168,No,,No,No,Reformatting prep,0.8,,,,,,,,,,,,,,,Yes,,,,,,,,,,,,,,,,,,,,2,,1,,1,,1,,4,,3,,7,
resource_0105,Fake Person Papers 17,REPO.1991.071,114,No,No,No,No,Yes,Yes,Yes,No,No,Yes,No,No, Archivist 1,6/7/20,6/7/20,5 hours,108,No,,No,No,Reformatting prep,0.2,,,,,,,,,,,,Yes,,,Yes,,,,,,,,,,,,,,,,,,,,4,,3,,2,,1,,3,,5,,8,
resource_0106,Fake Person Papers 18,REPO.1991.072,115,No,No,No,No,Yes,Yes,Yes,No,No,Yes,No,No, Archivist 1,6/7/20,6/7/20,.75 hour,272,No,,No,No,Reformatting prep,0.2,,,,,,,,,,,,Yes,,,Yes,Yes,Yes,,,,,,,,,,,,,,,,,,3,,2,,4,,5,,5,,4,,9,
resource_0107,Fake Person Papers 19,REPO.1991.073,116,No,No,No,No,Yes,Yes,Yes,No,No,No,No,No, Archivist 1,6/8/20,6/8/20,1 hour,275,No,,No,No,Reformatting prep,0.6,,,,,,,,,,,,Yes,,,Yes,,,,,,,,,,,,,,,,,,,,4,,2,,1,,2,,1,,3,,4,
resource_0108,Fake Person Papers 20,REPO.1991.074,117,No,No,Yes,No,Yes,Yes,Yes,No,No,No,No,No, Archivist 1,6/9/20,6/9/20,.75 hour,75,No,,No,No,Reformatting prep,1,,,,,,,,,,,,Yes,,,Yes,,,,,,,,,,,,,,,,,,,,4,,5,,4,,5,,2,,2,,4,
resource_0109,Fake Person Papers 21,REPO.1991.075,118,No,No,No,No,Yes,Yes,Yes,No,No,No,No,No, Archivist 1,6/10/20,6/10/20,.5 hour,245,No,,No,No,Reformatting prep,0.7,,,,,,,,,,,,Yes,,,Yes,,,Yes,,,,,Yes,,,,,,,,,,,,3,,1,,2,,2,,2,,5,,7,
resource_0110,Fake Person Papers 22,REPO.1991.076,119,No,No,No,No,Yes,Yes,Yes,No,No,No,No,No, Archivist 1,6/11/20,6/11/20,3.75 hours,224,No,,No,No,Reformatting prep,0.6,,,,,,,,,,,,,Yes,,Yes,,,,,,,,,,,,Yes,,,,,,,,2,,5,,5,,5,,1,,3,,4,
resource_0111,Fake Person Papers 23,REPO.1991.077,120,No,No,No,No,Yes,Yes,No,No,No,No,No,No, Archivist 1,6/12/20,6/12/20,2.5 hours,217,No,,No,No,Reformatting prep,0.4,,,,,,,,,,Yes,,,,,Yes,,,,,,,,,Yes,,,,,,,,,,,2,,1,,4,,4,,4,,3,,7,
resource_0112,Fake Person Papers 24,REPO.1991.078,121,No,No,Yes,No,Yes,Yes,Yes,No,No,No,No,No, Archivist 1,6/13/20,6/13/20,1 hour,189,No,,No,No,Reformatting prep,0.5,,,,,,,,,,,,,Yes,,Yes,,,,,,,,,,,,Yes,,,,,,,,3,,5,,4,,4,,4,,4,,8,
resource_0113,Fake Person Papers 25,REPO.1991.079,122,No,No,No,No,Yes,Yes,Yes,No,No,No,No,No, Archivist 1,6/14/20,6/14/20,.5 hour,199,No,,No,No,Reformatting prep,0.7,,,,,,,,,,,,,,,Yes,,,,,,,,,,,,,,,,,,,,3,,1,,1,,4,,4,,1,,5,
resource_0114,Fake Person Papers 26,REPO.1991.080,123,No,No,No,No,Yes,Yes,Yes,No,No,No,No,No, Archivist 1,6/15/20,6/15/20,.5 hour,236,No,,No,No,Reformatting prep,0.7,,,,,,,,,,,,,,,Yes,,,,,,,,,,,,,,,,,,,,4,,5,,3,,3,,3,,3,,6,
resource_0115,Fake Person Papers 27,REPO.1999.005,124,No,No,No,No,Yes,Yes,Yes,No,No,No,No,No, Archivist 1,6/16/20,6/16/20,.75 hour,283,No,,No,No,Reformatting prep,0.3,,,,,,,,,,,,,,,Yes,,,,,,,,,,,,,,,,,,,,2,,1,,1,,3,,4,,4,,8,
resource_0116,Fake Person Papers 28,REPO.1999.006,125,No,No,Yes,No,Yes,Yes,Yes,No,No,No,No,No, Archivist 1,6/17/20,6/17/20,.5 hour,36,No,,No,No,Reformatting prep,0.9,,,,,,,,,,,,Yes,,,,,,,,,,,,,,,,,,,,,,,1,,1,,3,,2,,2,,4,,6,
resource_0117,Fake Person Papers 29,REPO.1999.007,126,No,No,No,No,Yes,Yes,Yes,No,No,No,No,No, Archivist 1,6/18/20,6/18/20,.75 hour,232,No,,No,No,Reformatting prep,0.6,,,,,,,,,,,,Yes,,,,Yes,Yes,,,,,,,,,,,,,,,,,,1,,3,,1,,1,,4,,3,,7,
resource_0118,Fake Person Papers 30,REPO.1999.008,127,No,No,No,No,Yes,Yes,No,No,No,No,No,No, Archivist 1,6/19/20,6/19/20,1 hour,79,No,,No,No,Reformatting prep,0.8,,,,,,,,,,,,Yes,,,,,,,,,,,,,,Yes,,,,,,,,,4,,4,,4,,4,,5,,5,,10,
resource_0119,Fake Person Papers 31,REPO.1999.009,128,No,No,No,No,Yes,Yes,Yes,No,No,No,No,No, Archivist 1,6/20/20,6/20/20,1 hour,299,No,,No,No,Reformatting prep,0.1,,,,,,,,,,,,Yes,,,,,,,,,,,,,,Yes,,,,,,,,,3,,2,,3,,1,,5,,2,,7,
resource_0120,Fake Person Papers 32,REPO.1999.010,129,No,No,Yes,No,Yes,Yes,Yes,No,No,No,No,No, Archivist 1,6/21/20,6/21/20,2.5 hours,239,No,,No,No,Reformatting prep,0.1,,,,,,,,,,,,Yes,,,,,,Yes,,,,,Yes,,,Yes,,,,,,,,,2,Many loose prints,3,,2,,4,,2,,5,,7,
resource_0121,Fake Person Papers 33,REPO.1999.011,130,No,No,No,No,Yes,Yes,Yes,No,No,No,No,No, Archivist 1,6/22/20,6/22/20,1.5 hours,51,No,,No,No,Reformatting prep,0.7,,,,,,,,,Yes,,,,Yes,,,,,,,,,,,,,,Yes,,,,,,,,1,,5,,5,,2,,1,,5,,6,
resource_0122,Fake Person Papers 34,REPO.1999.012,131,No,No,No,No,Yes,Yes,Yes,No,No,No,No,No, Archivist 1,6/23/20,6/23/20,2 hours,248,No,,No,No,Reformatting prep,0.3,,,,,,,,,,Yes,,,,,,,,,,,,,,Yes,,,,,,,,,,,4,,2,,3,,4,,1,,2,,3,
resource_0123,Fake Person Papers 35,REPO.1999.013,132,No,No,No,No,Yes,Yes,Yes,No,No,No,No,No, Archivist 1,6/24/20,6/24/20,.5 hour,236,No,,No,No,Reformatting prep,0.7,,,,,,,,,,,,,Yes,,,,,,,,,,,,,,Yes,,,,,,,,3,,4,,2,,4,,4,,2,,6,
resource_0124,Fake Person Papers 36,REPO.1999.014,133,No,No,Yes,No,Yes,Yes,Yes,No,No,No,No,No, Archivist 1,6/25/20,6/25/20,2 hours,223,No,,No,No,Reformatting prep,0.8,,,,,,,,,,,,,,,,,,,,,,,,,,,,,,,,,,,1,,5,,5,,4,,5,,4,,9,
resource_0125,Fake Person Papers 37,REPO.1999.015,134,Yes,No,No,No,Yes,Yes,No,No,No,No,No,No, Archivist 1,6/26/20,6/26/20,.75 hour,263,No,,No,No,Reformatting prep,0.8,,,,,,,,,,,,,,,,,,,,,,,,,,,,,,,,,,,5,,2,,3,,1,,1,,2,,3,
resource_0126,Fake Person Papers 38,REPO.1999.016,135,No,No,No,No,Yes,Yes,Yes,No,No,No,No,No, Archivist 1,6/27/20,6/27/20,1 hour,252,No,,No,No,Reformatting prep,0.5,,,,,,,,,,,,,,,,,,,,,,,,,,,,,,,,,,,2,,3,,4,,2,,5,,4,,9,
resource_0127,Fake Person Papers 39,REPO.1999.017,136,Yes,No,No,No,Yes,Yes,Yes,No,No,No,No,No, Archivist 1,6/28/20,6/28/20,4.5 hours,170,No,,No,No,Reformatting prep,0.1,,,,,,,,,,,,Yes,,,,,,,,,,,,,,Yes,,,,,,,,,5,,3,,2,,2,,4,,1,,5,
resource_0128,Fake Person Papers 40,REPO.1999.018,137,Yes,No,Yes,No,Yes,Yes,Yes,No,No,No,No,No, Archivist 1,6/29/20,6/29/20,2 hours,294,No,,No,No,Reformatting prep,0.8,,,,,,,,,,,,Yes,,,,Yes,Yes,,,,,,,,,Yes,,,,,,,,,2,,3,,1,,4,,3,,5,,8,
resource_0129,Fake Person Papers 41,REPO.1999.019,138,No,No,No,No,Yes,Yes,Yes,No,No,No,No,No, Archivist 1,6/30/20,6/30/20,2 hours,42,No,,No,No,Reformatting prep,0.8,,,,,,,,,,,,Yes,,,,,,,,,,,,,,Yes,,,,,,,,,5,,2,,5,,1,,2,,2,,4,
resource_0130,Fake Person Papers 42,REPO.1999.020,139,Yes,No,No,No,Yes,Yes,Yes,No,No,No,No,No, Archivist 1,7/1/20,7/1/20,1.5 hours,183,No,,No,No,Reformatting prep,0.1,,,,,,,,,,,,Yes,,,,,,,,,,,,,,Yes,,,,,,,,,4,,4,,1,,3,,2,,4,,6,
resource_0131,Fake Person Papers 43,REPO.1999.021,140,Yes,No,No,No,Yes,Yes,Yes,No,No,No,No,No, Archivist 1,7/2/20,7/2/20,1 hour,92,No,,No,No,Reformatting prep,0.1,,,,,,,,,,,,Yes,,,,,,Yes,,,,,Yes,,,Yes,,,,,,,,,4,,3,,4,,5,,1,,1,,2,
resource_0132,Fake Person Papers 44,REPO.1999.022,141,No,No,Yes,No,Yes,Yes,No,No,No,No,No,No, Archivist 1,7/3/20,7/3/20,1.5 hours,143,No,,No,No,Assessment Pilot,0.3,,,,,,,,,,,,,Yes,,Yes,,,,,,,,,,,,Yes,,,,,,,,1,,5,,4,,3,,3,,5,,8,
resource_0133,Fake Person Papers 45,REPO.1999.023,142,Yes,No,No,No,Yes,Yes,Yes,No,No,No,No,No, Archivist 1,7/4/20,7/4/20,.5 hour,269,No,,No,No,Assessment Pilot,0.8,,,,,,,,,,Yes,,,,,Yes,,,,,,,,,Yes,,,,,,,,,,,3,,1,,4,,1,,2,,5,,7,
resource_0134,Fake Person Papers 46,REPO.1999.024,143,Yes,No,No,No,Yes,Yes,Yes,No,No,No,No,No, Archivist 1,7/5/20,7/5/20,.75 hour,94,No,,No,No,Assessment Pilot,0.4,,,,,,,,,,,,,Yes,,Yes,,,,,,,,,,,,Yes,,,,,,,,5,,5,,5,,4,,4,,4,,8,
resource_0135,Fake Person Papers 47,REPO.1999.025,144,No,No,No,No,Yes,Yes,Yes,No,No,No,No,No, Archivist 1,7/6/20,7/6/20,2 hours,245,No,,No,No,Assessment Pilot,1,,,,,,,,,,,,,,,Yes,,,,,,,,,,,,,,,,,,,,4,,2,,5,,4,,2,,3,,5,
resource_0136,Fake Person Papers 48,REPO.1999.026,145,Yes,No,Yes,No,Yes,Yes,Yes,No,No,No,No,No, Archivist 1,7/7/20,7/7/20,.5 hour,55,No,,No,No,Assessment Pilot,0.2,,,,,,,,,,,,,,,Yes,,,,,,,,,,,,,,,,,,,,2,,4,,1,,1,,1,,4,,5,
resource_0137,Fake Person Papers 49,REPO.1999.027,146,Yes,No,No,No,Yes,Yes,Yes,No,No,No,No,No, Archivist 1,7/8/20,7/8/20,2.5 hours,89,No,,No,No,Assessment Pilot,0.6,,,,,,,,,,,,,,,,,,,,,,,,,,,,,,,,,,,4,,5,,3,,5,,3,,3,,6,
resource_0138,Fake Person Papers 50,REPO.1999.028,147,No,No,No,No,Yes,Yes,Yes,No,No,No,No,No, Archivist 1,7/9/20,7/9/20,.5 hour,114,No,,No,No,Assessment Pilot,0.4,,,,,,,,,,,,Yes,,,,,,,,,,,,,,Yes,,,,,,,,,4,,3,,4,,1,,4,,1,,5,
resource_0139,Fake Person Papers 51,REPO.1999.029,148,Yes,No,Yes,No,Yes,Yes,No,No,No,No,No,No, Archivist 1,7/10/20,7/10/20,1.75 hours,185,No,,No,No,Assessment Pilot,0.9,Thin control file,,,,,,,,,,,Yes,,,,Yes,Yes,,,,,,,,,Yes,,,,,,,,,2,,2,,5,,4,,2,,4,,6,
resource_0140,Fake Person Papers 52,REPO.1999.030,149,Yes,No,Yes,No,Yes,Yes,Yes,No,No,No,No,No, Archivist 1,7/11/20,7/11/20,.5 hour,71,No,,No,No,Assessment Pilot,0.4,,,,,,,,,,,,Yes,,,,,,,,,,,,,,Yes,,,,,,,,,5,,5,,3,,2,,2,,1,,3,
resource_0141,Fake Person Papers 53,REPO.1995.010,150,No,No,Yes,No,Yes,Yes,Yes,No,No,No,No,No, Archivist 1,7/12/20,7/12/20,.5 hour,117,No,,No,No,Assessment Pilot,0.9,,,,,,,,,,,,Yes,,,,,,,,,,,,,,Yes,,,,,,,,,1,,1,,3,,1,,1,,4,,5,
resource_0142,Fake Person Papers 54,REPO.1995.011,151,Yes,No,No,No,Yes,Yes,Yes,No,No,No,No,No, Archivist 1,7/13/20,7/13/20,1 hour,143,No,,No,No,Assessment Pilot,0.7,,,,,,,,,,,,Yes,,,,,,Yes,,,,,Yes,,,Yes,,,,,,,,,5,,2,,2,,4,,1,,2,,3,
resource_0143,Fake Person Papers 55,REPO.1995.012,152,Yes,No,No,No,Yes,Yes,Yes,No,No,No,No,No, Archivist 1,7/14/20,7/14/20,.75 hour,265,No,,No,No,Assessment Pilot,0.4,,,,,,,,,,,,,Yes,,,,,,,,,,,,,,Yes,,,,,,,,2,,3,,3,,2,,2,,2,,4,
resource_0144,Fake Person Papers 56,REPO.1995.013,153,No,No,Yes,No,Yes,Yes,Yes,No,No,No,No,No, Archivist 1,7/15/20,7/15/20,1.5 hours,216,No,,No,No,Assessment Pilot,0.4,,,,,,,,,,Yes,,,,,,,,,,,,,,Yes,,,,,,,,,,,1,,1,,1,,1,,1,,2,,3,
resource_0145,Fake Person Papers 57,REPO.1995.014,154,Yes,No,Yes,No,Yes,Yes,Yes,No,No,No,No,No,Archivist 2,7/16/20,7/16/20,2 hours,172,No,,No,No,Assessment Pilot,0.4,,,,,,,,,,,,,Yes,,,,,,,,,,,,,,Yes,,,,,,,,3,,5,,5,,1,,2,,2,,4,
resource_0146,Fake Person Papers 58,REPO.1995.015,155,Yes,No,Yes,No,Yes,Yes,No,No,No,No,No,No,Archivist 2,7/17/20,7/17/20,.5 hour,252,No,,No,No,Assessment Pilot,0.4,,,,,,,,,,,,,,,,,,,,,,,,,,,,,,,,,,,5,,4,,3,,1,,5,,3,,8,
resource_0147,Fake Person Papers 59,REPO.1995.016,156,No,No,No,No,Yes,Yes,Yes,No,No,No,No,No,Archivist 2,7/18/20,7/18/20,1 hour,284,No,,No,No,Assessment Pilot,0.9,No deed of gift for newest accession,,,,,,,,,,,,,,,,,,,,,,,,,,,,,,,,,,3,,4,,4,,5,,1,,2,,3,
resource_0148,Fake Person Papers 60,REPO.1995.017,157,Yes,No,No,No,Yes,Yes,Yes,No,No,No,No,No,Archivist 2,7/19/20,7/19/20,1 hour,115,No,,No,No,Assessment Pilot,0.7,,,,,,,,,,,,,,,,,,,,,,,,,,,,,,,,,,,2,,2,,3,,1,,1,,3,,4,
resource_0149,Fake Person Papers 61,REPO.1995.018,158,Yes,No,Yes,No,Yes,Yes,Yes,No,No,No,No,No,Archivist 2,7/20/20,7/20/20,.5 hour,150,No,,No,No,Assessment Pilot,0.8,,,,,,,,,,,,Yes,,,,,,,,,,,,,,Yes,,,,,,,,,4,,4,,3,,2,,2,,5,,7,
resource_0150,Fake Person Papers 62,REPO.1995.019,159,No,No,Yes,No,Yes,Yes,Yes,No,No,No,No,No,Archivist 2,7/21/20,7/21/20,.5 hour,239,No,,No,No,Assessment Pilot,0.9,Could not find oversize folders,,,,,,,,,,,Yes,,,Yes,Yes,Yes,,,,,,,,,Yes,,,,,,,,,3,,3,,1,,2,,5,,5,,10,
resource_0151,Fake Person Papers 63,REPO.1995.020,160,Yes,No,Yes,No,Yes,Yes,Yes,No,No,No,No,No,Archivist 2,7/22/20,7/22/20,1.5 hours,161,No,,No,No,Assessment Pilot,0.9,Can not serve to researchers in this condtion. Unprocessed and mold is present.,,,,,,,Mold emergency!,,,,Yes,,,Yes,,,,,,,,,,,Yes,,,,,,,,,4,,1,,1,,1,,3,,3,,6,
resource_0152,Fake Person Papers 64,REPO.1995.021,161,Yes,No,No,No,Yes,Yes,Yes,No,No,No,No,No,Archivist 2,7/23/20,7/23/20,1 hour,185,No,,No,No,Assessment Pilot,0.3,Very valuable collection,,,,"$50,000-75,000",Appraised at time of accession; very valuable,Several daguerreotypes,,Yes,,,Yes,,,Yes,,,,,,,,,,,Yes,,,,,,,,,3,,5,,5,,2,,3,,2,,5,
resource_0153,Fake Person Papers 65,REPO.1995.022,162,No,No,No,No,Yes,Yes,No,No,No,Yes,No,No,Archivist 2,7/24/20,7/24/20,.75 hour,27,No,,No,No,Assessment Pilot,0.6,Is actually 2 collections,,,,,,,,,,,Yes,,,Yes,,,Yes,,,,,Yes,,,Yes,,,,,,,,,2,Many loose prints,3,,2,,1,,2,,3,,5,
resource_0154,Fake Person Papers 66,REPO.1995.023,163,Yes,No,Yes,No,Yes,Yes,Yes,No,No,Yes,No,No,Paid Volunteer 1,7/25/20,7/25/20,4 hours,227,No,,No,No,Assessment  Pilot,0.3,,,,,,,,,,,,,Yes,,,,,,,,,,,,,,Yes,,,,,,,,1,,1,,2,,2,,5,,2,,7,
resource_0155,Fake Person Papers 67,REPO.1995.024,164,No,No,Yes,No,Yes,Yes,Yes,No,Yes,Yes,No,No, Archivist 1,7/26/20,7/26/20,.75 hour,164,No,,No,No,Assessment pilot,0.8,,,,,,,,,,Yes,,,,,,,,,,,,,,Yes,,,,,,,,,,,3,,1,,1,,3,,1,,2,,3,
resource_0156,Fake Person Papers 68,REPO.1995.025,165,Yes,No,Yes,No,Yes,Yes,Yes,No,No,No,No,No,Archivist 2,7/27/20,7/27/20,.5 hour,107,No,,No,Yes,Assessment pilot,0.7,Much PII mixed in but not flagged,,,,,,,,,,,,Yes,,Yes,,,,,,,,,,,,Yes,,,,,,,,5,,3,,3,,2,,3,,5,,8,
resource_0157,Fake Person Papers 69,REPO.1995.026,166,Yes,No,No,No,Yes,Yes,Yes,No,No,Yes,No,No,Archivist 2,7/28/20,7/28/20,.5 hour,273,No,,No,Yes,Assessment pilot,0.2,Recommending deaccession,,,,,,,,,,,,,,,,,,,,,,,,,,,,,,,,,,5,,3,,3,,3,,2,,2,,4,
resource_0158,Fake Person Papers 70,REPO.1995.027,167,No,No,No,No,Yes,Yes,Yes,No,No,Yes,No,No,Archivist 2,7/29/20,7/29/20,.75 hour,49,No,,No,No,Assessment pilot,0.7,,,,,,,,,,,,,,,,,,,,,,,,,,,,,,Yes,,,,,5,,5,,3,,1,,3,,4,,7,
resource_0159,Fake Person Papers 71,REPO.1995.028,168,Yes,No,Yes,No,Yes,Yes,Yes,No,Yes,No,No,No,Archivist 2,7/30/20,7/30/20,.5 hour,299,No,,No,No,Assessment pilot,0.2,,,,,,,,,,,,,,,,,,,,,,,,,,,,,,Yes,,,,,1,,1,,2,,3,,1,,3,,4,
resource_0160,Fake Person Papers 72,REPO.1995.029,169,No,No,Yes,No,Yes,Yes,No,No,No,Yes,No,No,Archivist 2,7/31/20,7/31/20,.5 hour,262,No,,No,No,Assessment pilot,0.4,,,,,,,,,,,,Yes,,,,,,,,,,,,,,Yes,,,,Yes,,,,,5,,3,,5,,2,,3,,4,,7,
resource_0161,Fake Person Papers 73,REPO.1995.030,170,Yes,No,Yes,No,Yes,Yes,Yes,No,No,No,No,No,Archivist 2,7/31/20,7/31/20,1.5 hours,85,No,,No,Yes,Assessment pilot,0.6,Much PII,,,,,,,,,,,Yes,,,,Yes,Yes,,,,,,,,,Yes,,,,Yes,,,,,3,,5,,2,,3,,5,,3,,8,
resource_0162,Fake Person Papers 74,REPO.1995.031,171,Yes,No,No,No,Yes,Yes,Yes,No,No,No,No,No,Archivist 2,7/31/20,7/31/20,3 hours,248,No,,No,No,Assessment pilot,0.3,,,,,,,,,,,,Yes,,,,,,,,,,,,,,Yes,,,,Yes,,,,,4,,4,,1,,5,,1,,5,,6,
accession_0001,Fake Person Papers 75,REPO.1995.032,172,No,No,No,No,Yes,Yes,No,No,No,No,No,No,Archivist 2,7/31/20,7/31/20,1 hour,184,No,,No,No,Assessment pilot,1,,,,,,,,,,,,Yes,,,,,,,,,,,,,,Yes,,,,Yes,,,,,3,,5,,5,,,,1,,5,,6,
accession_0002,Fake Person Papers 76,REPO.1995.033,173,Yes,No,Yes,No,Yes,Yes,No,No,No,No,No,No,Archivist 2,7/31/20,7/31/20,1 hour,27,No,,No,No,Assessment pilot,0.2,,,,,,,,,,,,Yes,,,,,,Yes,,,,,Yes,,,Yes,,,,Yes,,,,,1,Many loose prints,3,,5,,,,3,,2,,5,
accession_0003,Fake Person Papers 77,REPO.1995.034,174,No,No,Yes,No,Yes,Yes,No,No,No,No,No,No,Paid Volunteer 1,7/31/20,7/31/20,1 hour,266,Yes,,No,Yes,Assessment pilot,0.4,Needs weeding,,,,,,,,,,,,Yes,,,,,,,,,,,,,,Yes,,,Yes,,,,,3,,5,,4,,,,4,,2,,6,
accession_0004,Fake Person Papers 78,REPO.1995.035,175,Yes,No,Yes,No,Yes,Yes,No,No,No,No,No,No, Archivist 1,7/31/20,7/31/20,1 hour,83,No,,No,Yes,Assessment pilot,0.5,,,,,,,,,,Yes,,,,,,,,,,,,,,Yes,,,,,,Yes,,,,,1,,4,,3,,,,1,,1,,2,
accession_0005,Fake Person Papers 79,REPO.1995.036,176,Yes,No,No,No,Yes,Yes,No,No,No,No,No,No,Archivist 2,7/31/20,7/31/20,1 hour,297,No,,No,No,Assessment pilot,0.4,,,,,,,,,,,,,Yes,,,,,,,,,,,,,,Yes,,,Yes,,,,,3,,5,,4,,,,2,,1,,3,
accession_0006,Fake Person Papers 80,REPO.1995.037,177,No,Yes,No,No,Yes,Yes,No,No,No,No,No,No,Archivist 2,7/31/20,7/31/20,1 hour,110,No,,No,No,Assessment pilot,0.6,,,,,,,,,,,,,,,,,,,,,,,,,,,,,,Yes,,,,,5,,1,,5,,,,1,,4,,5,
accession_0007,Fake Person Papers 81,REPO.1995.038,178,Yes,No,Yes,No,Yes,Yes,No,No,No,No,No,No,Archivist 2,7/31/20,7/31/20,1 hour,19,No,,No,No,Assessment pilot,0.2,,,,,,,,,,,,,,,,,,,,,,,,,,,,,,Yes,,,,,5,,5,,4,,,,2,,4,,6,
accession_0008,Fake Person Papers 82,REPO.1995.039,179,No,No,Yes,No,Yes,Yes,No,No,No,No,No,No,Archivist 2,7/31/20,7/31/20,1 hour,225,No,,No,Yes,Assessment pilot,0.2,,,,,,,,,,,,,,,,,,,,,,,,,,,,,,Yes,,,,,2,,2,,3,,,,4,,4,,8,
accession_0009,Fake Person Papers 83,REPO.1995.040,180,Yes,No,Yes,No,Yes,Yes,No,No,No,No,No,No,Archivist 2,7/31/20,7/31/20,1 hour,36,No,,No,No,Assessment pilot,0.5,,,,,,,,,,,,Yes,,,,,,,,,,,,,,,,,,,,,,,3,,2,,2,,,,3,,2,,5,
accession_0010,Fake Person Papers 84,REPO.1995.041,181,Yes,No,No,No,Yes,Yes,No,No,No,No,No,No,Archivist 2,7/31/20,7/31/20,1 hour,38,No,,No,No,Assessment pilot,0.9,,,,,,,,,,,,Yes,,,,Yes,Yes,,,,,,,,,,,,,,,,,,4,,1,,3,,,,4,,3,,7,
accession_0011,Fake Person Papers 85,REPO.1995.042,182,No,No,No,No,Yes,Yes,No,No,No,No,No,No,Archivist 2,7/31/20,7/31/20,1 hour,253,No,,No,No,Assessment pilot,0.4,,,,,,,,,,,,Yes,,,,,,,,,,,,,,,,,,,,,,,1,,4,,4,,,,5,,3,,8,
accession_0012,Fake Person Papers 86,REPO.1995.043,183,Yes,Yes,Yes,No,Yes,Yes,No,No,No,No,No,No,Archivist 2,7/31/20,7/31/20,1 hour,182,No,,No,Yes,Assessment pilot,0.8,,,,,,,,,,,,Yes,,,,,,,,,,,,,,,,,,,,,,,3,,1,,4,,,,4,,3,,7,
accession_0013,Fake Person Papers 87,REPO.1995.044,184,No,No,Yes,No,Yes,Yes,No,No,No,No,No,No,Archivist 2,7/31/20,7/31/20,1 hour,40,No,,No,Yes,Assessment pilot,0.1,Needs weeding,,,,,,,,,,,Yes,,,,,,Yes,,,,,Yes,,,,,,,,,,,,3,,3,,1,,,,4,,1,,5,
accession_0014,Fake Person Papers 88,REPO.1995.045,185,Yes,No,Yes,No,Yes,Yes,No,No,No,No,No,No,Paid Volunteer 1,8/1/20,8/1/20,2 hours,92,Yes,,No,No,Assessment pilot,0.1,Needs weeding,,,,,,,,,,,,Yes,,,,,,,,,,,,,,Yes,,,,,,,,2,,3,,4,,,,2,,5,,7,
accession_0015,Fake Person Papers 89,REPO.1995.046,186,Yes,No,No,No,Yes,Yes,No,No,No,No,No,No,Archivist 3,8/2/20,8/2/20,3 hours,207,No,,No,No,Assessment pilot,0.5,Needs weeding,,,,,,,,,Yes,,,,,,,,,,,,,,Yes,,,,,,,,,,,3,,5,,5,,,,2,,4,,6,
accession_0016,Fake Person Papers 90,REPO.1995.047,187,No,No,No,No,Yes,Yes,No,No,No,No,No,No,Archivist 3,8/3/20,8/3/20,30 minutes,227,No,,No,No,Assessment pilot,0.2,,,,,,,,,,,,,Yes,,,,,,,,,,,,,,Yes,,,,,,,,4,,5,,5,,,,2,,2,,4,
accession_0017,Fake Person Papers 91,REPO.1995.048,188,Yes,No,Yes,No,Yes,Yes,No,No,No,No,No,No,Archivist 3,8/4/20,8/4/20,10 minutes,70,No,,No,Yes,Assessment pilot,0.8,,,,,,,,,,,,,,,,,,,,,,,,,,,,,,,,,,,1,,5,,4,,,,1,,1,,2,
accession_0018,Fake Person Papers 92,REPO.1995.049,189,No,No,Yes,No,Yes,Yes,No,No,No,No,No,No,Archivist 3,8/5/20,8/5/20,1 hour,107,No,,No,No,Assessment pilot,0.8,,,,,,,,,,,,,,,,,,,,,,,,,,,,,,,,,,,2,,1,,1,,,,1,,5,,6,
accession_0019,Fake Person Papers 93,REPO.1995.050,190,Yes,No,Yes,No,Yes,Yes,No,No,No,No,No,No,Archivist 3,8/6/20,8/6/20,1 hour,289,No,,No,No,Assessment pilot,0.8,,,,,,,,,,,,,,,,,,,,,,,,,,,,,,,,,,,2,,3,,1,,,,4,,5,,9,
accession_0020,Fake Person Papers 94,REPO.1995.051,191,Yes,No,No,No,Yes,Yes,No,No,No,No,No,No,Archivist 3,8/7/20,8/7/20,1 hour,53,No,,No,No,Assessment pilot,0.9,,,,,,,,,,,,Yes,,,,,,,,,,,,,,,,,,,,,,,3,,3,,3,,,,2,,4,,6,
accession_0021,Fake Person Papers 95,REPO.1995.052,192,No,Yes,No,No,Yes,Yes,No,No,No,No,No,No,Archivist 3,8/8/20,8/8/20,1 hour,26,No,,No,Yes,Assessment pilot,0.9,,,,,,,,,,,,Yes,,,,Yes,Yes,,,,,,,,,,,,,,,,,,2,,5,,1,,,,2,,2,,4,
accession_0022,Fake Person Papers 96,REPO.1995.053,193,Yes,No,Yes,No,Yes,Yes,No,No,No,No,No,No,Archivist 3,8/9/20,8/9/20,1 hour,278,No,,No,Yes,Assessment pilot,0.9,,,,,,,,,,,,Yes,,,,,,,,,,,,,,,,,,,,,,,2,,5,,5,,,,3,,1,,4,
accession_0023,Fake Person Papers 97,REPO.1995.054,194,No,No,Yes,No,Yes,Yes,No,No,No,No,No,No,Archivist 3,8/10/20,8/10/20,1 hour,287,No,,No,No,Assessment pilot,0.8,,,,,,,,,,,,Yes,,,,,,,,,,,,,,,,,,,,,,,2,,1,,1,,,,1,,4,,5,
accession_0024,Fake Person Papers 98,REPO.1995.055,195,Yes,No,Yes,No,Yes,Yes,No,No,No,No,No,No,Archivist 3,8/11/20,8/11/20,1 hour,148,No,,No,No,Assessment pilot,0.1,,,,,,,,,,,,Yes,,,,,,Yes,,,,,Yes,,,,,,,,,,,,2,Unhoused Betamax,2,,1,,,,3,,4,,7,
accession_0025,Fake Person Papers 99,REPO.1995.056,196,Yes,No,No,No,Yes,Yes,No,No,No,No,No,No,Archivist 3,8/12/20,8/12/20,1 hour,96,No,,No,No,Assessment pilot,1,,,,,,,,,,,,,Yes,,,,,,,,,,,,,,Yes,,,Yes,,,,,1,,4,,4,,,,4,,4,,8,
accession_0026,Fake Person Papers 100,REPO.1995.057,197,No,No,No,No,Yes,Yes,No,No,No,No,No,No,Archivist 3,8/13/20,8/13/20,1 hour,119,No,,No,Yes,Assessment pilot,0.8,,,,,,,,,,Yes,,,,,,,,,,,,,,Yes,,,,,,Yes,,,,,3,,4,,3,,,,1,,2,,3,
accession_0027,Fake Person Papers 101,REPO.1995.058,198,Yes,Yes,Yes,No,Yes,Yes,No,No,No,No,No,No,Archivist 3,8/14/20,8/14/20,1 hour,44,No,,No,No,Assessment pilot,0.5,,,,,,,,,,,,,Yes,,,,,,,,,,,,,,Yes,,,Yes,,,,,2,,2,,1,,,,5,,5,,10,
accession_0028,Fake Person Papers 102,REPO.1995.059,199,No,No,Yes,No,Yes,Yes,No,No,No,No,No,No,Archivist 3,8/15/20,8/15/20,1 hour,256,No,,No,No,Assessment pilot,0.3,,,,,,,,,,,,,,,,,,,,,,,,,,,,,,,Yes,,,,5,,1,,1,,,,4,,4,,8,
accession_0029,Fake Person Papers 103,REPO.1995.060,200,Yes,No,Yes,No,Yes,Yes,No,No,No,No,No,No,Archivist 3,8/16/20,8/16/20,1 hour,47,No,,No,No,Assessment pilot,0.8,,,,,,,,,,,,,,,,,,,,,,,,,,,,,,,,Yes,,,2,,2,,2,,,,4,,5,,9,
accession_0030,Fake Person Papers 104,REPO.1995.061,201,Yes,No,No,No,Yes,Yes,No,No,No,No,No,No,Archivist 3,8/17/20,8/17/20,1 hour,150,No,,No,Yes,Assessment pilot,0.9,Actually multiple collections,,,,,,,,,,,,,,Yes,,,,,,,,,,,,,,,,Yes,Yes,,,4,,4,,3,,,,1,,4,,5,
accession_0031,Fake Person Papers 105,REPO.1995.062,202,No,No,No,No,Yes,Yes,No,No,No,No,No,No,Archivist 3,8/18/20,8/18/20,2 hours,171,No,,No,Yes,Assessment pilot,0.2,,,,,,,,,,,,Yes,,,,,,,,,,,,,,,,,,,,,,,1,,4,,1,,,,1,,1,,2,
accession_0032,Fake Person Papers 106,REPO.1995.063,203,Yes,No,Yes,No,Yes,Yes,No,No,No,No,No,No, Archivist 1,8/19/20,8/19/20,3 hours,11,No,,No,No,Assessment pilot,0.6,,,,,,,,,,,,Yes,,,,Yes,Yes,,,,,,,,,Yes,,,,,,,,,3,,2,,1,,,,4,,3,,7,
accession_0033,Fake Person Papers 107,REPO.1995.064,204,No,No,Yes,No,Yes,Yes,No,No,No,No,No,No,Archivist 2,8/20/20,8/20/20,30 minutes,59,No,,No,No,Assessment pilot,0.6,,,,,,,,,,,,Yes,,,,,,,,,,,,,,Yes,,,,,,,,,2,,1,,1,,,,5,,4,,9,
accession_0034,Fake Person Papers 108,REPO.1995.065,205,Yes,No,Yes,No,Yes,Yes,No,No,No,No,No,No,Archivist 2,8/21/20,8/21/20,10 minutes,278,No,,No,No,Assessment pilot,0.1,,,,,,,,,,,,Yes,,,,,,,,,,,,,,Yes,,,,,,,,,2,,4,,3,,,,1,,2,,3,
accession_0035,Fake Person Papers 109,REPO.1995.066,206,Yes,No,No,No,Yes,Yes,No,No,No,No,No,No,Archivist 2,8/21/20,8/21/20,1 hour,275,No,,No,Yes,Assessment Pilot,0.8,,,,,,,,,,,,Yes,,,,,,Yes,,,,,Yes,,,Yes,,,,,,,,,5,,3,,1,,,,2,,2,,4,
accession_0036,Fake Person Papers 110,REPO.1995.067,207,No,No,No,No,Yes,Yes,No,No,No,No,No,No,Archivist 2,8/21/20,8/21/20,1 hour,49,No,,No,No,Assessment Pilot,1,,,,,,,,,,,,,Yes,,,,,,,,,,,,,,Yes,,,,,,,,1,,3,,1,,,,2,,1,,3,
accession_0037,Fake Person Papers 111,REPO.1995.068,208,Yes,No,Yes,No,Yes,Yes,No,No,No,No,No,No,Archivist 2,8/21/20,8/21/20,1 hour,250,No,,No,No,Assessment Pilot,1,Very little information available on this collection,,,,,,,,,Yes,,,,,,,,,,,,,,Yes,,,,,,,,,,,2,,3,,5,,,,3,,4,,7,
accession_0038,Fake Person Papers 112,REPO.1995.069,209,No,No,Yes,No,Yes,No,No,No,No,No,No,No,Archivist 2,8/21/20,8/21/20,1 hour,41,No,,No,No,Assessment Pilot,0.9,,,,,,,,,,,,,Yes,,,,,,,,,,,,,,Yes,,Yes,,,,,,3,,3,,3,,,,4,,5,,9,
accession_0039,Fake Person Papers 113,REPO.1995.070,210,Yes,No,Yes,No,No,Yes,No,No,No,No,No,No,Archivist 2,8/21/20,8/21/20,1 hour,157,No,,No,No,Assessment Pilot,1,,,,,,,,,,,,,,,,,,,,,,,,,,,,,Yes,,,,,,3,,1,,3,,,,4,,1,,5,
accession_0040,Fake Person Papers 114,REPO.1995.071,211,Yes,No,No,No,Yes,Yes,No,No,No,No,No,No,Archivist 2,8/21/20,8/21/20,1 hour,15,No,,No,No,Assessment Pilot,0.8,,,,,,,,,,,,,,,,,,,,,,,,,,,,,Yes,,,,,,2,,2,,1,,,,3,,4,,7,
accession_0041,Fake Collection 99,REPO.1995.072,212,No,Yes,No,No,Yes,Yes,No,No,No,No,No,No,Archivist 2,8/21/20,8/21/20,1 hour,215,No,,No,No,Assessment Pilot,0.9,,,,,,,,,,,,,,,,,,,,,,,,,,,,,Yes,,,,,,2,,1,,5,,,,3,,2,,5,
accession_0042,Fake Collection 100,REPO.1995.073,213,Yes,No,Yes,No,Yes,Yes,No,No,No,No,No,No,Paid Volunteer 1,8/22/20,8/22/20,1 hour,113,No,,No,No,Assessment Pilot,0.5,,,,,,,,,,,,Yes,,,,,,,,,,,,,,Yes,,,,Yes,,,,,2,,1,,3,,,,1,,2,,3,
accession_0043,Fake Collection 101,REPO.1995.074,214,No,No,Yes,No,Yes,Yes,No,No,No,No,No,No, Archivist 1,8/23/20,8/23/20,1 hour,282,No,,No,No,Assessment Pilot,0.6,,,,,,,,,,,,Yes,,,,Yes,Yes,,,,,,,,,Yes,,,,,,,,,5,,3,,3,,,,1,,4,,5,
accession_0044,Fake Collection 102,REPO.1995.075,215,Yes,No,Yes,No,Yes,Yes,No,No,No,No,No,No,Archivist 2,8/24/20,8/24/20,1 hour,230,No,,No,No,Assessment Pilot,0.2,,,,,,,,,,,,Yes,,,,,,,,,,,,,,Yes,,Yes,,Yes,,,,,4,,1,,3,,,,4,,1,,5,
accession_0045,Fake Collection 103,REPO.1995.076,216,Yes,No,No,No,Yes,Yes,No,No,No,No,No,No,Archivist 2,8/25/20,8/25/20,1 hour,263,No,,No,No,Assessment Pilot,0.2,,,,,,,,,,,,Yes,,,,,,,,,,,,,,Yes,,Yes,,,,,,,4,,1,,4,,,,1,,1,,2,
accession_0046,Fake Collection 104,REPO.1993.001,217,No,No,No,No,Yes,Yes,No,No,No,No,No,No,Archivist 2,8/26/20,8/26/20,1 hour,260,No,,No,No,Assessment Pilot,1,,,,,,,,,,,,Yes,,,,,,Yes,,,,,Yes,,,Yes,,Yes,,,,,,,4,,3,,1,,,,1,,3,,4,
accession_0047,Fake Collection 105,REPO.1993.002,218,Yes,Yes,Yes,No,Yes,Yes,No,No,No,No,No,No,Archivist 2,8/27/20,8/27/20,1 hour,80,No,,No,No,Assessment Pilot,0.7,,,,,,,,,,,,,Yes,,,,,,,,,,,,,,Yes,Yes,,,,,,,5,,1,,2,,,,3,,2,,5,
accession_0048,Fake Collection 106,REPO.1993.003,219,No,No,Yes,No,Yes,Yes,No,No,No,No,No,No,Archivist 2,8/28/20,8/28/20,2 hours,253,No,,No,No,Assessment Pilot,0.1,,,,,,,,,,Yes,,,,,,,,,,,,,,Yes,,,,Yes,Yes,,,,,,3,,2,,5,,,,2,,5,,7,
accession_0049,Fake Collection 107,REPO.1993.004,220,Yes,No,Yes,No,Yes,Yes,No,No,No,No,No,No,Archivist 2,8/29/20,8/29/20,3 hours,97,No,,No,No,Assessment Pilot,0.6,,,,,,,,,,,,,Yes,,,,,,,,,,,,,,Yes,,Yes,,,,,,1,,3,,4,,,,3,,2,,5,
accession_0050,Fake Collection 108,REPO.1993.005,221,Yes,No,No,No,Yes,Yes,No,No,No,No,No,No,Archivist 2,8/30/20,8/30/20,30 minutes,37.5,No,,No,No,Assessment Pilot,0.4,,,,,,,,,,,,,,,,,,,,,,,,,,,,,Yes,,,,,,2,Original folders and boxes. Some boxes falling apart,1,,4,,,,3,,3,,6,
accession_0051,Fake Collection 109,REPO.1993.006,222,No,No,No,No,Yes,Yes,No,No,No,No,No,No,Archivist 2,8/31/20,8/31/20,10 minutes,66,No,,No,No,Assessment Pilot,0.3,,,,,,,,,,,,,,,,,,,,,,,,,,,,,Yes,,,,,,2,,3,,2,,,,2,,1,,3,
accession_0052,Fake Collection 110,REPO.1993.007,223,Yes,No,Yes,No,Yes,Yes,No,No,No,No,No,No,Archivist 2,9/1/20,9/1/20,1 hour,45.5,No,,No,No,Assessment Pilot,0.8,,,,,,,,,,,,,,,,,,,,,,,,,,,,Yes,Yes,,,,,,2,,2,,3,,,,4,,4,,8,
accession_0053,Fake Collection 111,REPO.1993.008,224,No,No,Yes,No,Yes,Yes,No,No,No,No,No,No,Paid Volunteer 1,9/2/20,9/2/20,1 hour,116,No,,No,No,Assessment Pilot,0.2,,,,,,,,,,,,Yes,,,,,,,,,,,,,,Yes,,Yes,,Yes,,,,,3,,1,,4,,,,2,,3,,5,
accession_0054,Fake Collection 112,REPO.1993.009,225,Yes,No,Yes,No,Yes,Yes,No,No,No,No,No,No,Archivist 3,9/3/20,9/3/20,1 hour,92,No,,No,No,Assessment Pilot,0.5,Needs weeding,,,,,,,,,,,Yes,,,,Yes,Yes,,,,,,,,,Yes,,Yes,,,,,,,4,,1,,5,,,,1,,3,,4,
accession_0055,Fake Collection 113,REPO.1993.010,226,Yes,No,No,No,Yes,Yes,No,No,No,No,No,No,Archivist 3,9/4/20,9/4/20,1 hour,60,No,,No,No,Assessment Pilot,0.5,,,,,,,,,,,,Yes,,,,,,,,,,,,,,Yes,,Yes,,,,,,,4,,1,,1,,,,4,,2,,6,
accession_0056,Fake Collection 114,REPO.1993.011,227,No,Yes,No,No,Yes,Yes,No,No,No,No,No,No,Archivist 3,9/5/20,9/5/20,1 hour,48,No,,No,No,Assessment Pilot,0.2,,,,,,,,,,,,Yes,,,Yes,,,,,,,,,,,Yes,,Yes,,,,,,,1,,1,,2,,,,2,,4,,6,
accession_0057,Fake Collection 115,REPO.1993.012,228,Yes,No,Yes,No,Yes,Yes,No,No,No,No,No,No,Archivist 3,9/6/20,9/6/20,1 hour,69,No,,No,No,Assessment Pilot,0.6,,,,,,,,,,,,Yes,,,Yes,,,Yes,,,,,Yes,,,Yes,,,,,,,,,5,,3,,3,,,,4,,1,,5,
accession_0058,Fake Collection 116,REPO.1993.013,229,No,No,Yes,No,Yes,Yes,No,No,No,No,No,No,Archivist 3,9/7/20,9/7/20,1 hour,114.5,No,,No,No,Assessment Pilot,1,,,,,,,,,,,,,Yes,,Yes,,,,,,,,,,,,Yes,,,,,,,,3,,1,,4,,,,4,,1,,5,
accession_0059,Fake Collection 117,REPO.1993.014,230,Yes,No,Yes,No,Yes,Yes,No,No,No,No,No,No,Archivist 3,9/8/20,9/8/20,1 hour,134,No,,No,No,Assessment Pilot,0.6,,,,,,,,,,Yes,,,,,Yes,,,,,,,,,Yes,,,,,,,,,,,3,,1,,3,,,,2,,4,,6,
accession_0060,Fake Collection 118,REPO.1993.015,231,Yes,No,No,No,Yes,Yes,No,No,No,No,No,No,Archivist 3,9/9/20,9/9/20,1 hour,17,No,,No,No,Assessment Pilot,0.6,,,,,,,,,,,,,Yes,,Yes,,,,,,,,,,,,Yes,,,,,,,,2,,2,,3,,,,3,,2,,5,
accession_0061,Fake Collection 119,REPO.1993.016,232,No,No,No,No,Yes,Yes,No,No,No,No,No,No,Archivist 3,9/10/20,9/10/20,1 hour,16.5,No,,No,No,Assessment Pilot,1,,,,,,,,,,,,,,,Yes,,,,,,,,,,,,,,,,,,,,4,Original folders and boxes. Some boxes falling apart,1,,1,,,,2,,3,,5,
accession_0062,Fake Collection 120,REPO.1993.017,233,Yes,Yes,Yes,No,Yes,Yes,No,No,No,No,No,No,Archivist 3,9/11/20,9/11/20,1 hour,96.5,No,,No,No,Assessment Pilot,0.2,,,,,,,,,,,,,,,Yes,,,,,,,,,,,,,,,,,,,,5,,2,,3,,,,4,,4,,8,
accession_0063,Fake Collection 121,REPO.1993.018,234,No,No,Yes,No,Yes,Yes,No,No,No,No,No,No,Archivist 3,9/12/20,9/12/20,1 hour,43,No,,No,No,Assessment Pilot,1,,,,,,,,,,,,,,,Yes,,,,,,,,,,,,,,,,,,,,5,,3,,5,,,,3,,5,,8,
accession_0064,Fake Collection 122,REPO.1993.019,235,Yes,No,Yes,No,Yes,Yes,No,No,No,No,No,No,Archivist 3,9/13/20,9/13/20,1 hour,39.5,No,,No,No,Assessment Pilot,0.6,,,,,,,,,,,,Yes,,,Yes,,,,,,,,,,,Yes,,,,,,,,,2,,1,,2,,,,5,,5,,10,
accession_0065,Fake Collection 123,REPO.1993.020,236,Yes,No,No,No,Yes,Yes,No,No,No,No,No,No,Archivist 3,9/14/20,9/14/20,2 hours,30.5,No,,No,No,Assessment Pilot,0.2,,,,,,,,,,,,Yes,,,Yes,Yes,Yes,,,,,,,,,Yes,,,,Yes,,,,,2,,2,,1,,,,3,,3,,6,
accession_0066,Fake Collection 124,REPO.1993.021,237,No,No,No,No,Yes,Yes,No,No,No,No,No,No,Archivist 3,9/15/20,9/15/20,3 hours,94.5,No,,No,No,Assessment Pilot,0.7,,,,,,,,,,,,Yes,,,Yes,,,,,,,,,,,Yes,,,,Yes,,,,,3,,3,,2,,,,3,,1,,4,
accession_0067,Fake Collection 125,REPO.1993.022,238,Yes,No,Yes,No,Yes,Yes,No,No,No,No,No,No,Archivist 3,9/16/20,9/16/20,30 minutes,68.5,No,,No,No,Assessment Pilot,0.7,,,,,,,,,,,,Yes,,,Yes,,,,,,,,,,,Yes,,,,Yes,,,,,5,,1,,1,,,,5,,5,,10,
accession_0068,Fake Collection 126,REPO.1993.023,239,No,No,Yes,No,Yes,Yes,No,No,No,No,No,No,Archivist 3,9/17/20,9/17/20,10 minutes,8,No,,No,No,Assessment Pilot,0.2,,,,,,,,,,,,Yes,,,Yes,,,Yes,,,,,Yes,,,Yes,,,,Yes,,,,,3,,2,,2,,,,4,,4,,8,
accession_0069,Fake Collection 127,REPO.1993.024,240,Yes,No,Yes,No,Yes,Yes,No,No,No,No,No,No,Archivist 3,9/18/20,9/18/20,1 hour,75,No,,No,No,Assessment  Pilot,0.1,,,,,,,,,,,,,Yes,,Yes,,,,,,,,,,,,Yes,,,Yes,,,,,1,,3,,2,,,,1,,2,,3,
accession_0070,Fake Collection 128,REPO.1993.025,241,Yes,No,No,No,Yes,Yes,No,No,No,No,No,No,Archivist 3,9/19/20,9/19/20,1 hour,90.5,No,,No,No,Assessment pilot,0.5,,,,,,,,,,Yes,,,,,Yes,,,,,,,,,Yes,,,,,,Yes,,,,,5,,3,,5,,,,2,,2,,4,
accession_0071,Fake Collection 129,REPO.1993.026,242,No,No,No,No,Yes,Yes,No,No,No,No,No,No, Archivist 1,9/20/20,9/20/20,1 hour,126.5,No,,No,No,Assessment pilot,0.6,,,,,,,,,,,,,Yes,,Yes,,,,,,,,,,,,Yes,,,Yes,,,,,3,,1,,5,,,,2,,1,,3,
accession_0072,Fake Collection 130,REPO.1993.027,243,Yes,No,Yes,No,Yes,Yes,No,No,No,No,No,No,Archivist 2,9/21/20,9/21/20,1 hour,149,No,,No,No,Assessment pilot,0.3,,,,,,,,,,,,,,,Yes,,,,,,,,,,,,,,,Yes,,,,,4,,2,,4,,,,4,,5,,9,
accession_0073,Fake Collection 131,REPO.1993.028,244,No,No,Yes,No,Yes,Yes,No,No,No,No,No,No,Archivist 2,9/22/20,9/22/20,1 hour,12.5,No,,No,No,Assessment pilot,0.5,,,,,,,,,,,,,,,Yes,,,,,,,,,,,,,,,Yes,,,,,5,,3,,4,,,,1,,5,,6,
accession_0074,Fake Collection 132,REPO.1993.029,245,Yes,No,Yes,No,Yes,Yes,No,No,No,No,No,No,Archivist 2,9/23/20,9/23/20,1 hour,94,No,,No,No,Assessment pilot,0.9,Needs weeding,,,,,,,,,,,,,,,,,,,,,,,,,,,,Yes,Yes,,,,,2,,2,,3,,,,2,,3,,5,
accession_0075,Fake Collection 133,REPO.1993.030,246,Yes,No,No,No,Yes,Yes,No,No,No,No,No,No,Archivist 2,9/24/20,9/24/20,1 hour,83.5,No,,No,No,Assessment pilot,1,,,,,,,,,,,,Yes,,,,,,,,,,,,,,Yes,,,,Yes,,,,,5,,2,,4,,,,2,,3,,5,
accession_0076,Fake Collection 134,REPO.1993.031,247,No,Yes,No,No,Yes,Yes,No,No,No,No,No,No,Archivist 2,9/25/20,9/25/20,1 hour,10,No,,No,No,Assessment pilot,0.7,,,,,,,,,,,,Yes,,,,Yes,Yes,,,,,,,,,Yes,,,,Yes,,,,,5,,3,,1,,,,3,,3,,6,
accession_0077,Fake Collection 135,REPO.1993.032,248,Yes,No,Yes,No,Yes,Yes,No,No,No,No,No,No,Archivist 2,9/26/20,9/26/20,1 hour,37.95,No,,No,No,Assessment pilot,0.3,,,,,,,,,,,,Yes,,,,,,,,,,,,,,Yes,,,,Yes,,,,,5,,3,,2,,,,1,,4,,5,
accession_0078,Fake Collection 136,REPO.1993.033,249,No,No,Yes,No,Yes,Yes,No,No,No,No,No,No,Archivist 2,9/27/20,9/27/20,1 hour,32.7,No,,No,No,Assessment pilot,0.7,,,,,,,,,,,,Yes,,,,,,,,,,,,,,Yes,,,,,,,,,2,,3,,1,,,,3,,3,,6,
accession_0079,Fake Collection 137,REPO.1993.034,250,Yes,No,Yes,No,Yes,Yes,No,No,No,No,No,No,Archivist 2,9/28/20,9/28/20,1 hour,26.1,No,,No,No,Reformatting  prep,1,,,,,,,,,,,,Yes,,,,,,Yes,,,,,Yes,,,Yes,,,,,,,,,1,Unhoused Umatic,3,,5,,,,1,,1,,2,
accession_0080,Fake Collection 138,REPO.1993.035,251,Yes,No,No,No,Yes,Yes,No,No,No,No,No,No,Archivist 2,9/29/20,9/29/20,1 hour,17.1,No,,No,No,Reformatting  prep,0.9,,,,,,,,,,,,,Yes,,,,,,,,,,,,,,Yes,,,,,,,,1,No folders,1,,3,,,,4,,3,,7,
accession_0081,Fake Collection 139,REPO.1993.036,252,No,No,No,No,Yes,Yes,No,No,No,No,No,No,Paid Volunteer 1,9/30/20,9/30/20,1 hour,24.15,No,,No,No,Reformatting  prep,0.9,,,,,,,,,,Yes,,,,,,,,,,,,,,Yes,,,,,,,,,,,2,,2,,1,,,,4,,4,,8,
accession_0082,Fake Collection 140,REPO.1993.037,253,Yes,Yes,Yes,No,Yes,Yes,No,No,No,No,No,No, Archivist 1,10/1/20,10/1/20,2 hours,5.4,No,,No,No,Reformatting  prep,0.2,,,,,,,,,,,,,Yes,,,,,,,,,,,,,,Yes,,,,,,,,1,No folders,1,,5,,,,5,,2,,7,
accession_0083,Fake Collection 141,REPO.1993.038,254,No,No,Yes,No,Yes,Yes,No,No,No,No,No,No,Archivist 2,10/2/20,10/2/20,3 hours,42.9,No,,No,No,Reformatting  prep,0.2,,,,,,,,,,,,,,,,,,,,,,,,,Yes,,,,,,,,,,2,,1,,1,,,,3,,3,,6,
accession_0084,Fake Collection 142,REPO.1993.039,255,Yes,No,Yes,No,Yes,Yes,No,No,No,No,No,No,Archivist 2,10/3/20,10/3/20,30 minutes,33,No,,No,No,Reformatting  prep,0.4,,,,,,,,,,,,,,,,,,,,,,,,,,,,,,,,,,,2,,2,,1,,,,2,,3,,5,
accession_0085,Fake Collection 143,REPO.1993.040,256,Yes,No,No,No,Yes,Yes,No,No,No,No,No,No,Archivist 2,10/4/20,10/4/20,10 minutes,31.65,No,,No,No,Reformatting  prep,0.8,,,,,,,,,,,,,,,,,,,,,,,,,,,,,,,,,,,1,No folders,1,,3,,,,2,,1,,3,
accession_0086,Fake Collection 144,REPO.1993.041,257,No,No,No,No,Yes,Yes,No,No,No,No,No,No,Archivist 2,10/5/20,10/5/20,1 hour,37.8,No,,No,No,Reformatting  prep,1,,,,,,,,,,,,Yes,,,,,,,,,,,,,,,,,,,,,,,5,,3,,4,,,,5,,1,,6,
accession_0087,Fake Collection 145,REPO.1993.042,258,Yes,No,Yes,No,Yes,Yes,No,No,No,No,No,No,Archivist 2,10/6/20,10/6/20,1 hour,32.85,No,,No,No,Reformatting  prep,0.4,,,,,,,,,,,,Yes,,,,Yes,Yes,,,,,,,,,,,,,,,,,,5,,3,,4,,,,5,,2,,7,
accession_0088,Fake Collection 146,REPO.1993.043,259,No,No,Yes,No,Yes,Yes,No,No,No,No,No,No,Archivist 2,10/7/20,10/7/20,1 hour,29.4,No,,No,No,Reformatting  prep,0.6,,,,,,,,,,,,Yes,,,,,,,,,,,,,,,,,,,,,,,3,,1,,1,,,,5,,4,,9,
accession_0089,Fake Collection 147,REPO.1993.044,260,Yes,No,Yes,No,Yes,Yes,No,No,No,No,No,No,Archivist 2,10/8/20,10/8/20,1 hour,41.85,No,,No,No,Reformatting  prep,0.1,,,,,,,,,,,,Yes,,,,,,,,,,,,,,,,,,,,,,,3,,3,,5,,,,1,,4,,5,
accession_0090,Fake Collection 148,REPO.1993.045,261,Yes,No,No,No,Yes,Yes,No,No,No,No,No,No,Archivist 2,10/9/20,10/9/20,1 hour,22.8,No,,No,No,Reformatting  prep,0.7,,,,,,,,,,,,Yes,,,,,,Yes,,,,,Yes,,,,,Yes,,,,,,,3,,2,,2,,,,2,,2,,4,
accession_0091,Fake Collection 149,REPO.1993.046,262,No,Yes,No,No,Yes,Yes,No,No,No,No,No,No,Archivist 2,10/10/20,10/10/20,1 hour,44.85,No,,No,No,Reformatting  prep,0.9,,,,,,,,,,,,,Yes,,,,,,,,,,,,,,Yes,Yes,,,,,,,3,,2,,2,,,,3,,1,Needs weeding,4,
accession_0092,Fake Collection 150,REPO.1993.047,263,Yes,No,Yes,No,Yes,Yes,No,No,No,No,No,No,Paid Volunteer 1,10/11/20,10/11/20,1 hour,26.85,No,,No,No,Reformatting  prep,0.1,,,,,,,,,,Yes,,,,,,,,,,,,,,Yes,,,,Yes,,,,,,,5,,3,,5,,,,5,,5,,10,
accession_0093,Fake Collection 151,REPO.1993.048,264,No,No,Yes,No,Yes,Yes,No,No,No,No,No,No,Archivist 3,10/12/20,10/12/20,1 hour,7.35,No,,No,No,Reformatting  prep,0.9,,,,,,,,,,,,,Yes,,,,,,,,,,,,,,Yes,Yes,,,,,,,1,,3,,1,,,,1,,2,,3,
accession_0094,Fake Collection 152,REPO.1993.049,265,Yes,No,Yes,No,Yes,Yes,No,No,No,No,No,No,Archivist 3,10/13/20,10/13/20,1 hour,7.65,No,,No,No,Reformatting prep,0.9,,,,,,,,,,,,,,,,,,,Yes,,,,,,,,,Yes,,,,,,,1,,3,,3,,,,4,,1,,5,
accession_0095,Fake Collection 153,REPO.1993.050,266,Yes,No,No,No,Yes,Yes,No,No,No,No,No,No,Archivist 3,10/14/20,10/14/20,1 hour,34.8,No,,No,No,Reformatting prep,0.2,,,,,,,,,,,,,,,,,,,Yes,,,,,,,,,,Yes,,,,,,5,,2,,1,,,,1,,5,,6,
accession_0096,Fake Collection 154,REPO.1993.051,267,No,No,No,No,Yes,Yes,No,No,No,No,No,No,Archivist 3,10/15/20,10/15/20,1 hour,20.7,No,,No,No,Reformatting prep,0.2,,,,,,,,,,,,,,,,,,,Yes,,,,,,,,,,,,,,,,3,,2,,3,,,,3,,1,,4,
accession_0097,Fake Collection 155,REPO.1993.052,268,Yes,Yes,Yes,No,Yes,Yes,No,No,No,No,No,No,Archivist 3,10/16/20,10/16/20,1 hour,15.6,No,,No,No,Reformatting prep,0.4,,,,,,,,,,,,Yes,,,,,,,Yes,,,,,,,,,,,,,,,,5,,1,,3,,,,4,,3,,7,
accession_0098,Fake Collection 156,REPO.1993.053,269,No,No,Yes,No,Yes,Yes,No,No,No,No,No,No,Archivist 3,10/17/20,10/17/20,1 hour,43.05,No,,No,No,Reformatting prep,0.3,,,,,,,,,,,,Yes,,,,Yes,Yes,,Yes,,,,,,,,,,,,,,,,4,,3,,3,,,,3,,5,,8,
accession_0099,Fake Collection 157,REPO.1993.054,270,Yes,No,Yes,No,Yes,Yes,No,No,No,No,No,No,Archivist 3,10/18/20,10/18/20,2 hours,33.45,No,,No,No,Reformatting prep,0.1,,,,,,,,,,,,Yes,,,,,,,,,,,,,,,,,,,,,,,1,No folders,1,,2,,,,2,,2,,4,
accession_0100,Fake Collection 158,REPO.1993.055,271,Yes,No,No,No,Yes,Yes,No,No,No,No,No,No,Archivist 3,10/19/20,10/19/20,3 hours,35.55,No,,No,No,Reformatting prep,0.1,,,,,,,,,,,,Yes,,,,,,,,,,,,,,,,,,,,,,,4,,1,,2,,,,4,,5,,9,
accession_0101,Fake Collection 159,REPO.1993.056,272,No,No,No,No,Yes,Yes,No,No,No,No,No,No,Archivist 3,10/20/20,10/20/20,30 minutes,26.7,No,,No,No,Reformatting prep,0.9,,,,,,,,,,,,Yes,,,,,,Yes,,,,,Yes,,,,,,,,,,,,3,,2,,2,,,,1,,1,,2,
accession_0102,Fake Collection 160,REPO.1993.057,273,Yes,No,Yes,No,Yes,Yes,No,No,No,No,No,No,Archivist 3,10/21/20,10/21/20,10 minutes,11.7,No,,No,No,Reformatting prep,0.2,,,,,,,,,,,,,Yes,,,,,,,,,,,,,,Yes,,,,,,,,4,,1,,3,,,,3,,1,,4,
accession_0103,Fake Collection 161,REPO.1993.058,274,No,No,Yes,No,Yes,Yes,No,No,No,No,No,No,Archivist 3,10/22/20,10/22/20,1 hour,13.35,No,,No,No,Reformatting prep,0.7,,,,,,,,,,Yes,,,,,,,,,,,,,,Yes,,,,,,,,,,,5,,1,,2,,,,5,,5,,10,
accession_0104,Fake Collection 162,REPO.1993.059,275,Yes,No,Yes,No,Yes,Yes,No,No,No,No,No,No,Archivist 3,10/23/20,10/23/20,.75 hour,22.2,No,,No,No,Reformatting prep,1,,,,,,,,,,,,,Yes,,,,,,,,,,,,,,Yes,,,,,,,,4,,2,,1,,,,3,,1,,4,
accession_0105,Fake Collection 163,REPO.1993.060,276,Yes,No,No,No,Yes,Yes,No,No,No,No,No,No,Archivist 3,10/24/20,10/24/20,5 hours,30.9,No,,No,No,Reformatting prep,0.6,,,,,,,,,,,,,,,,,,,Yes,,,,,,,,,,,,,,,,1,,1,,5,,,,5,,2,,7,
accession_0106,Fake Collection 164,REPO.1993.061,277,No,No,No,No,Yes,Yes,No,No,No,No,No,No,Archivist 3,10/25/20,10/25/20,.75 hour,20.1,No,,No,No,Reformatting prep,0.4,,,,,,,,,,,,,,,,,,,Yes,,,,,,,,,,,,,,,,1,,1,,5,,,,3,,2,,5,
accession_0107,Fake Collection 165,REPO.1994.001,278,Yes,No,Yes,No,Yes,Yes,No,No,No,No,No,No,Archivist 3,10/26/20,10/26/20,1 hour,21,No,,No,No,Reformatting prep,0.6,,,,,,,,,,,,,,,,,,,Yes,,,,,,,,,,,,,,,,4,,1,,1,,,,2,,5,,7,
accession_0108,Fake Collection 166,REPO.1994.002,279,No,No,Yes,No,Yes,Yes,No,No,No,No,No,No,Archivist 3,10/27/20,10/27/20,.75 hour,16.2,No,,No,No,Reformatting prep,0.5,,,,,,,,,,,,Yes,,,,,,,Yes,,,,,,,,,,,,,,,,5,,2,,1,,,,5,,2,,7,
accession_0109,Fake Collection 167,REPO.1994.003,280,Yes,No,Yes,No,Yes,Yes,No,No,No,No,No,No,Archivist 3,10/28/20,10/28/20,.5 hour,31.5,No,,No,No,Reformatting prep,0.2,,,,,,,,,,,,Yes,,,,Yes,Yes,,Yes,,,,,,,,,,,,,,,,4,,3,,1,,,,5,,2,Needs weeding,7,
accession_0110,Fake Collection 168,REPO.1994.004,281,Yes,No,No,No,Yes,Yes,No,No,No,No,No,No, Archivist 1,10/29/20,10/29/20,3.75 hours,3.3,No,,No,No,Reformatting prep,0.3,,,,,,,,,,,,Yes,,,,,,,,,,,,,,,,,,,,,,,4,,2,,5,,,,3,,5,,8,
accession_0111,Fake Collection 169,REPO.1994.005,282,No,Yes,No,No,Yes,Yes,No,No,No,No,No,No,Archivist 2,10/30/20,10/30/20,2.5 hours,1.92,No,,No,No,Reformatting prep,0.3,,,,,,,,,Yes,,,Yes,,,,,,,,,,,,,,,,,,,,,,,5,,2,,2,,,,3,,3,,6,
accession_0112,Fake Collection 170,REPO.1994.006,283,Yes,No,Yes,No,Yes,Yes,No,No,No,No,No,No,Archivist 2,10/31/20,10/31/20,1 hour,5.76,No,,No,No,Reformatting prep,0.5,,,,,,,,,,,,Yes,,,,,,Yes,,,,,Yes,,,,,,,,,,,,2,Unhoused Umatic,1,,1,,,,1,,2,,3,
accession_0113,Fake Collection 171,REPO.1994.007,284,No,No,Yes,No,Yes,Yes,No,No,No,No,No,No,Archivist 2,11/1/20,11/1/20,.5 hour,10.86,No,,No,No,Assessment Pilot,0.1,,,,,,,,,,,,,Yes,,,,,,,,,,,,,,Yes,Yes,,,,,,,3,,2,,4,,,,5,,5,,10,
accession_0114,Fake Collection 172,REPO.1994.008,285,Yes,No,Yes,No,Yes,Yes,No,No,No,No,No,No,Archivist 2,11/2/20,11/2/20,.5 hour,7.62,No,,No,No,Assessment Pilot,0.9,,,,,,,,,,Yes,,,,,,,,,,,,,,Yes,,,,Yes,,,,,,,5,,1,,4,,,,4,,1,,5,
accession_0115,Fake Collection 173,REPO.1994.009,286,Yes,No,No,No,Yes,Yes,No,No,No,No,No,No,Archivist 2,11/3/20,11/3/20,.75 hour,14.88,No,,No,No,Assessment Pilot,0.1,Needs weeding,,,,,,,,,,,,Yes,,,,,,,,,,,,,,Yes,Yes,,,,,,,4,,1,,3,,,,2,,3,,5,
accession_0116,Fake Collection 174,REPO.1994.010,287,No,No,No,No,Yes,Yes,No,No,No,No,No,No,Archivist 2,11/4/20,11/4/20,.5 hour,8.28,No,,No,No,Assessment Pilot,0.6,,,,,,,,,,,,,,,,,,,Yes,,,,,,,,,Yes,,,,,,,1,,3,,3,,,,3,,3,,6,
accession_0117,Fake Collection 175,REPO.1994.011,288,Yes,Yes,Yes,No,Yes,Yes,No,No,No,No,No,No,Archivist 2,11/5/20,11/5/20,.75 hour,10.56,No,,No,No,Assessment Pilot,1,,,,,,,,,,,,,,,,,,,,,,,,,,,,Yes,,,,,,,5,,3,,1,,,,4,,2,,6,
accession_0118,Fake Collection 176,REPO.1994.012,289,No,No,Yes,No,Yes,Yes,No,No,No,No,No,No,Archivist 2,11/6/20,11/6/20,1 hour,9.66,No,,No,No,Assessment Pilot,0.2,,,,,,,,,,,,,,,,,,,,,,,,,,,,,,Yes,,,,,2,,3,,1,,,,5,,2,,7,
accession_0119,Fake Collection 177,REPO.1994.013,290,Yes,No,Yes,No,Yes,Yes,No,No,No,No,No,No,Archivist 2,11/7/20,11/7/20,1 hour,16.98,No,,No,No,Assessment Pilot,0.8,,,,,,,,,,,,Yes,,,,,,,,,,,,,,,,,,,,,,,4,,1,,1,,,,5,,4,,9,
accession_0120,Fake Collection 178,REPO.1994.014,291,Yes,No,No,No,Yes,Yes,No,No,No,No,No,No,Paid Volunteer 1,11/8/20,11/8/20,2.5 hours,12,No,,No,No,Assessment Pilot,0.5,,,,,,,,,,,,Yes,,,,Yes,Yes,,,,,,,,,,,,,Yes,,,,,1,No folders,3,,5,,,,2,,2,,4,
accession_0121,Fake Collection 179,REPO.1994.015,292,No,No,No,No,Yes,Yes,No,No,No,No,No,No, Archivist 1,11/9/20,11/9/20,1.5 hours,10.8,No,,No,No,Assessment Pilot,0.1,,,,,,,,,,,,Yes,,,,,,,,,,,,,,,,,,,,,,,5,,1,,3,,,,3,,2,,5,
accession_0122,Fake Collection 180,REPO.1994.016,293,Yes,No,Yes,No,Yes,Yes,No,No,No,No,No,No,Archivist 2,11/10/20,11/10/20,2 hours,1.38,No,,No,No,Assessment Pilot,0.4,,,,,,,,,,,,Yes,,,,,,,,,,,,,,,,,,,,,,,5,,2,,2,,,,3,,1,,4,
accession_0123,Fake Collection 181,REPO.1994.017,294,No,No,Yes,No,Yes,Yes,No,No,No,No,No,No,Archivist 2,11/11/20,11/11/20,.5 hour,1.14,No,,No,No,Assessment Pilot,0.4,,,,,,,,,,,,Yes,,,,,,Yes,,,Yes,,Yes,,,,,,,,,,,,1,"Many loose prints, Unhoused Umatic",1,,4,,,,1,,4,,5,
accession_0124,Fake Collection 182,REPO.1994.018,295,Yes,No,Yes,No,Yes,Yes,No,No,No,No,No,No,Archivist 2,11/12/20,11/12/20,2 hours,12.24,No,,No,No,Assessment Pilot,0.1,,,,,,,,,,,,,Yes,,,,,,,,,,,,,,Yes,,,,,,,,5,,3,,2,,,,2,,4,,6,
accession_0125,Fake Collection 183,REPO.1994.019,296,Yes,No,No,No,Yes,Yes,No,No,No,No,No,No,Archivist 2,11/13/20,11/13/20,.75 hour,17.1,No,,No,No,Assessment Pilot,0.9,,,,,,,,,,Yes,,,,,,,,,,,,,,Yes,,,,,,,,,,,5,,2,,1,,,,2,,4,,6,
accession_0126,Fake Collection 184,REPO.1994.020,297,No,Yes,No,No,Yes,Yes,No,No,No,No,No,No,Archivist 2,11/14/20,11/14/20,1 hour,6.72,No,,No,No,Assessment Pilot,0.4,,,,,,,,,,,,,Yes,,,,,,,,,,,,,,Yes,,,Yes,,,,,2,,3,,2,,,,5,,2,,7,
accession_0127,Fake Collection 185,REPO.1994.021,298,Yes,No,Yes,No,Yes,Yes,No,No,No,No,No,No,Archivist 2,11/15/20,11/15/20,4.5 hours,4.26,No,,No,No,Assessment Pilot,0.5,,,,,,,,,,,,,,,,,,,,,,,,,,,,,,,,,,,3,,2,,5,,,,2,,4,,6,
accession_0128,Fake Collection 186,REPO.1994.022,299,No,No,Yes,No,Yes,Yes,No,No,No,No,No,No,Archivist 2,11/16/20,11/16/20,2 hours,9.48,No,,No,No,Assessment Pilot,0.9,,,,,,,,,,,,,,,,,,,,,,,,,,,,,,Yes,,,,,4,,3,,5,,,,3,,3,,6,
accession_0129,Fake Collection 187,REPO.1994.023,300,Yes,No,Yes,No,Yes,Yes,No,No,No,No,No,No,Archivist 2,11/16/20,11/16/20,2 hours,0.96,No,,No,No,Assessment Pilot,1,,,,,,,,,,,,,,,,,,,,,,,,,,,,,,,,,,,2,,1,,2,,,,1,,2,,3,
accession_0130,Fake Collection 188,REPO.1994.024,301,Yes,No,No,No,Yes,Yes,No,No,No,No,No,No,Archivist 2,11/16/20,11/16/20,1.5 hours,13.08,No,,No,No,Assessment Pilot,0.4,,,,,,,,,,,,Yes,,,,,,,,,,,,,,,,,,,,,,,4,,1,,5,,,,1,,2,,3,
accession_0131,Fake Collection 189,REPO.1994.025,302,No,No,No,No,Yes,Yes,No,No,No,No,No,No,Paid Volunteer 1,11/16/20,11/16/20,1 hour,8.4,Yes,,No,No,Assessment Pilot,0.7,,,,,,,,,,,,Yes,,,,Yes,Yes,,,,,,,,,,,,,,,Yes,,,1,,1,,5,,,,5,,5,,10,
accession_0132,Fake Collection 190,REPO.1994.026,303,Yes,Yes,Yes,No,Yes,Yes,No,No,No,No,No,No,Archivist 3,11/16/20,11/16/20,1.5 hours,4.08,No,,No,No,Assessment Pilot,0.9,,,,,,,,,,,,Yes,,,,,,,,,,,,,,,,,,,,,,,5,,1,,4,,,,5,,2,,7,
accession_0133,Fake Collection 191,REPO.1994.027,304,No,No,Yes,No,Yes,Yes,No,No,No,No,No,No,Archivist 3,11/16/20,11/16/20,.5 hour,18,No,,No,No,Assessment Pilot,0.8,,,,,,,,,,,,Yes,,,,,,,,,,,,,,,,,,,,Yes,,,4,,1,,2,,,,2,,2,,4,
accession_0134,Fake Collection 192,REPO.1994.028,305,Yes,No,Yes,No,Yes,Yes,No,No,No,No,No,No,Archivist 3,11/16/20,11/16/20,.75 hour,13.8,No,,No,Yes,Assessment Pilot,0.6,,,,,,,,,,,,Yes,,,,,,Yes,,,Yes,,Yes,,,,,,,,,,,,4,,3,,4,,,,3,,3,,6,
accession_0135,Fake Collection 193,REPO.1994.029,306,Yes,No,No,No,Yes,Yes,No,No,No,No,No,No,Archivist 3,11/16/20,11/16/20,2 hours,8.94,No,,No,No,Assessment Pilot,0.3,,,,,,,,,,,,,Yes,,,,,,,,,,,,,,Yes,,,,,,,,5,,3,,2,,,,1,,4,,5,
accession_0136,Fake Collection 194,REPO.1994.030,307,No,No,No,No,Yes,Yes,No,No,No,No,No,No,Archivist 3,11/16/20,11/16/20,.5 hour,16.5,No,,No,No,Assessment Pilot,0.6,,,,,,,,,,Yes,,,,,,,,,,,,,,Yes,,,,,,,,,,,1,,2,,5,,,,2,,1,Needs weeding,3,
accession_0137,Fake Collection 195,REPO.1994.031,308,Yes,No,Yes,No,Yes,Yes,No,No,No,No,No,No,Archivist 3,11/16/20,11/16/20,2.5 hours,17.16,No,,No,No,Assessment Pilot,0.3,,,,,,,,,,,,,Yes,,,,,,,,,,,,,,Yes,,,,,,,,5,,1,,2,,,,1,,2,,3,
accession_0138,Fake Collection 196,REPO.1994.032,309,No,No,Yes,No,Yes,Yes,No,No,No,No,No,No,Archivist 3,11/16/20,11/16/20,.5 hour,15.24,No,,No,Yes,Assessment Pilot,0.3,,,,,,,,,,,,,,,,,,,,,,,,,,,,Yes,,,,,,,5,,1,,2,,,,1,,2,,3,
